,Compound,Date,Network,Text,Twitter Handle
0,-0.7845,2017-12-11 22:53:26,BBC News (UK),"Tuesday‚Äôs Times: ""Prosecute web giants for abuse, May urged"" #bbcpapers #tomorrowspaperstoday (via @AllieHBNews) https://t.co/N99vgma3wN",@BBCNews
1,0.0,2017-12-11 22:53:04,BBC News (UK),"Tuesday‚Äôs Guardian: ""Grenfell: Call for families to be heard at last""  #bbcpapers #tomorrowspaperstoday (via‚Ä¶ https://t.co/HlkOBCyysb",@BBCNews
2,0.0,2017-12-11 22:52:38,BBC News (UK),"Tuesday‚Äôs Sun: ""Twitter Is Playground For Paedos"" #bbcpapers #tomorrowspaperstoday (via @AllieHBNews) https://t.co/hapQ3l4DfX",@BBCNews
3,-0.4404,2017-12-11 22:52:12,BBC News (UK),"Tuesday‚Äôs Daily Telegraph: ""Passengers denied cheap Christmas rail tickets"" #bbcpapers #tomorrowspaperstoday (via‚Ä¶ https://t.co/OwC5YfFp0Z",@BBCNews
4,0.0,2017-12-11 22:51:55,BBC News (UK),"Tuesday‚Äôs City AM: ""Ball‚Äôs In Your Court!"" #bbcpapers #tomorrowspaperstoday (via @AllieHBNews) https://t.co/2PGRf8Us9a",@BBCNews
5,0.0,2017-12-11 22:51:21,BBC News (UK),"Tuesday‚Äôs Metro: ""President Trump 'Is A Pervert'"" #bbcpapers #tomorrowspaperstoday (via @AllieHBNews) https://t.co/eCI7sPB5XU",@BBCNews
6,0.0,2017-12-11 22:51:08,BBC News (UK),"Tuesday‚Äôs i: ""The biggest breakthrough in brain science for 50 years"" #bbcpapers #tomorrowspaperstoday (via‚Ä¶ https://t.co/xvxgJifbdE",@BBCNews
7,-0.34,2017-12-11 22:50:40,BBC News (UK),"Tuesday‚Äôs Financial Times: ""Europeans issue warning to Trump on tax overhaul"" #bbcpapers #tomorrowspaperstoday (via‚Ä¶ https://t.co/A7e366ONGH",@BBCNews
8,0.0,2017-12-11 22:50:10,BBC News (UK),"Tuesday‚Äôs Mirror: ""Colder Than Moscow"" #bbcpapers #tomorrowspaperstoday (via @AllieHBNews) https://t.co/rhdc0qGdKK",@BBCNews
9,0.0,2017-12-11 22:46:56,BBC News (UK),"Tuesday‚Äôs Daily Mail: ""Facebook 'Ripping Society Apart'"" #bbcpapers #tomorrowspaperstoday (via @AllieHBNews) https://t.co/WUgYzGOMGt",@BBCNews
10,0.2263,2017-12-11 22:45:00,BBC News (UK),Stay warm üå®Ô∏è https://t.co/OVZFPxMiaA,@BBCNews
11,0.0,2017-12-11 22:31:51,BBC News (UK),"About 500,000 children gamble every week, regulator says https://t.co/Locuq59tr1",@BBCNews
12,0.1027,2017-12-11 22:13:31,BBC News (UK),RT @bbclaurak: Whitehall source says they don‚Äôt recognise reports that Damien Green will be cleared on Wednesday and suggestions that a fin‚Ä¶,@BBCNews
13,-0.4215,2017-12-11 22:04:45,BBC News (UK),RT @BBCScienceNews: Global recall of Lactalis baby milk over salmonella fears https://t.co/bLobqe1eP5,@BBCNews
14,0.0,2017-12-11 21:31:08,BBC News (UK),"RT @bbcweather: A wintry feel to the weather for now, but how long will it last? Here's the long range weather: https://t.co/YVyc6cqQ5q NP‚Ä¶",@BBCNews
15,-0.0516,2017-12-11 19:44:07,BBC News (UK),Syria service for British fighters Jac Holmes and Oliver Hall https://t.co/Oh7D2K6QHy,@BBCNews
16,-0.2732,2017-12-11 19:37:11,BBC News (UK),Mesh risks not passed on to doctors https://t.co/FX139pAk71,@BBCNews
17,0.0,2017-12-11 19:15:45,BBC News (UK),Keith Chegwin: His life and career in pictures https://t.co/HTmw1TK0Bl https://t.co/1ZPeMVHWon,@BBCNews
18,0.0,2017-12-11 18:31:34,BBC News (UK),Central Saint Martins refunds dramatic writing students https://t.co/MBrmof79tQ,@BBCNews
19,-0.34,2017-12-11 18:31:34,BBC News (UK),Buckingham Palace arrest: Man held 'trying to climb wall' https://t.co/PKt8bYopQV,@BBCNews
20,0.0,2017-12-11 18:25:07,BBC News (UK),RT @bbcweather: Here are the max temps for tomorrow and Weds. Roll on Wednesday... Jo #doublefiguresforsome https://t.co/G5B8WLhkFX,@BBCNews
21,-0.0258,2017-12-11 18:11:49,BBC News (UK),RT @BBCLondonNews: Commuters face huge crowds and cancellations at London Waterloo as track-side fire causes backlog of trains https://t.co‚Ä¶,@BBCNews
22,0.5707,2017-12-11 17:54:21,BBC News (UK),"RT @BBCSport: Congrats to Mohamed Salah who has been named BBC African Footballer of the Year 2017! üëèüéâ

Live reaction üëâ https://t.co/laMsGW‚Ä¶",@BBCNews
23,-0.8074,2017-12-11 17:25:56,BBC News (UK),Plymouth house fire woman died after 999 call handler delay https://t.co/peD1AuAI4A,@BBCNews
24,-0.2023,2017-12-11 17:24:17,BBC News (UK),"RT @amolrajanBBC: Aside from being a convicted sexual predator, Max Clifford was a liar and a hypocrite who, like Iago, had one obsession:‚Ä¶",@BBCNews
25,0.0,2017-12-11 17:02:44,BBC News (UK),RT @BBCtrending: Cat Person: Why everyone is talking about @KRoupenian's short story https://t.co/8XbvSImcsq,@BBCNews
26,0.0,2017-12-11 16:40:16,BBC News (UK),ICYMI here's the #UCLDraw ‚öΩ https://t.co/pjOkpiE84V,@BBCNews
27,0.0,2017-12-11 16:14:25,BBC News (UK),"Paying mothers incentivises breastfeeding, study finds https://t.co/Yj41dkp5mn",@BBCNews
28,0.0,2017-12-11 16:09:37,BBC News (UK),"Follow the latest as PM takes questions from MPs on #Brexit deal

https://t.co/SGcswYuj7K https://t.co/0jqHpPRIo0",@BBCNews
29,-0.296,2017-12-11 16:07:38,BBC News (UK),Corrie Mckeague: Landfill search for missing airman ends https://t.co/BAKnrWBvBz,@BBCNews
30,0.4404,2017-12-11 16:05:19,BBC News (UK),"I hope next phase of #Brexit talks are not punctuated by ""posturing, delays and disarray"" - @JeremyCorbyn tells MPs‚Ä¶ https://t.co/rCTUPZQHsM",@BBCNews
31,0.2732,2017-12-11 15:56:03,BBC News (UK),"""Departure from the EU presents a significant and unique challenge for Northern Ireland &amp; Ireland"" - PM‚Ä¶ https://t.co/FpIPr8K83r",@BBCNews
32,0.0,2017-12-11 15:50:07,BBC News (UK),"The days of paying ""vast sums"" to the EU are coming to an end - PM @Theresa_May briefs MPs on #Brexit deal‚Ä¶ https://t.co/Pshfh1MseW",@BBCNews
33,0.0,2017-12-11 15:49:10,BBC News (UK),Major Forties oil pipeline to be closed for repairs https://t.co/FzOUpLHnI4,@BBCNews
34,0.0,2017-12-11 15:08:52,BBC News (UK),RT @bbcweather: Here are the max temps for tomorrow and Weds. Roll on Wednesday... Jo #doublefiguresforsome https://t.co/NN6xeCJrXR,@BBCNews
35,0.0,2017-12-11 14:43:50,BBC News (UK),"RT @BBC_HaveYourSay: Why are so many people tweeting about 'Cat Person'?
https://t.co/U6y7xUY2ec",@BBCNews
36,0.0,2017-12-11 14:23:23,BBC News (UK),TV's Keith Chegwin dies aged 60 https://t.co/F3rRCKMpGA,@BBCNews
37,-0.7845,2017-12-11 14:06:00,BBC News (UK),Three children killed in Salford house fire https://t.co/6THYEP79Yc,@BBCNews
38,-0.1796,2017-12-11 14:04:16,BBC News (UK),"RT @BBCNewsEnts: Stats from #GoldenGlobes nominations:
üé¨The Shape Of Water leads with 7 nominations
üì∫Big Little Lies is the top TV nominee,‚Ä¶",@BBCNews
39,0.6369,2017-12-11 13:46:03,BBC News (UK),"RT @BBCNewsEnts: Best Motion Picture, Drama #GoldenGlobes nominees:
üé• Dunkirk 
üé• The Post
üé• The Shape of Water
üé• Call Me by Your Name
üé• Thr‚Ä¶",@BBCNews
40,0.7783,2017-12-11 13:43:23,BBC News (UK),"RT @BBCNewsEnts: Best Motion Picture, Comedy or Musical #GoldenGlobes nominees:
üé• The Disaster Artist
üé• Get Out
üé• The Greatest Showman
üé• I,‚Ä¶",@BBCNews
41,-0.7269,2017-12-11 13:42:12,BBC News (UK),"RT @BBCBreaking: New York police now say one male suspect injured and in custody after explosion in Manhattan, no other people currently re‚Ä¶",@BBCNews
42,-0.4215,2017-12-11 13:31:08,BBC News (UK),"RT @BBCEngland: A university which closed all its buildings due to ""heavy snow"" is criticised on social media by students for using #Snowda‚Ä¶",@BBCNews
43,-0.0516,2017-12-11 13:12:46,BBC News (UK),Police's ¬£50k reward to solve Leigh girl's 1984 murder https://t.co/Erq72mzehu,@BBCNews
44,-0.4129,2017-12-11 13:09:06,BBC News (UK),RT @BBCPanorama: Don't miss our investigation into the side-effects suffered by some woman fitted with transvaginal mesh - tonight at 7.30p‚Ä¶,@BBCNews
45,-0.296,2017-12-11 12:32:50,BBC News (UK),Huntington‚Äôs breakthrough may stop disease https://t.co/lMBygWByak,@BBCNews
46,0.0,2017-12-11 12:22:24,BBC News (UK),RT @BBCSport: Celtic vs Zenit St Petersburg üëâ https://t.co/5U77L86HKl #UELdraw #bbcfootball https://t.co/8g23c5CJJm,@BBCNews
47,0.0,2017-12-11 12:20:35,BBC News (UK),RT @BBCWorld: Ice ice bambi! https://t.co/GJeQmoPxED,@BBCNews
48,0.3919,2017-12-11 12:16:52,BBC News (UK),"RT @BBCSport: It was set to take place behind closed doors, but good news - the postponed Saracens v Clermont Auvergne match is now back op‚Ä¶",@BBCNews
49,0.5267,2017-12-11 12:11:59,BBC News (UK),"RT @BBCSport: ICYMI, here's the Champions League draw https://t.co/8Co3ACSOy9 #UCLdraw https://t.co/Zu7E0VwYgr",@BBCNews
50,-0.926,2017-12-11 12:04:44,BBC News (UK),Deptford double murder: Strangled dad 'could have been dead for days' https://t.co/Ia5h66Wj4R,@BBCNews
51,0.0,2017-12-11 11:47:55,BBC News (UK),ü§® https://t.co/82qoDLWnJz,@BBCNews
52,0.0,2017-12-11 11:44:10,BBC News (UK),RT @bbcweather: Here's the forecast for lunchtime today. Icy conditions in many areas that have seen snow. Jo https://t.co/39BwKX667B,@BBCNews
53,-0.34,2017-12-11 11:29:57,BBC News (UK),Chairman of public inquiry into Grenfell Tower fire holding two days of hearings into how it will work‚Ä¶ https://t.co/jdRijVPXzw,@BBCNews
54,0.5267,2017-12-11 11:23:12,BBC News (UK),"RT @BBCSport: Full Champions League draw:
Juventus v Tottenham
FC Basel v Man City  
FC Porto vs Liverpool 
Sevilla FC v Man Utd 
Real Madr‚Ä¶",@BBCNews
55,0.0,2017-12-11 11:19:58,BBC News (UK),RT @BBCSport: Chelsea v FC Barcelona üëâ https://t.co/5U77L86HKl #UCLDraw https://t.co/buAGrM8cR3,@BBCNews
56,0.0,2017-12-11 11:19:15,BBC News (UK),RT @BBCSport: FC Basel v Man City üëâ https://t.co/5U77L86HKl #UCLDraw https://t.co/X5tn7AZzAM,@BBCNews
57,0.0,2017-12-11 11:19:09,BBC News (UK),RT @BBCSport: Sevilla FC v Man Utd üëâ https://t.co/5U77L86HKl #UCLDraw https://t.co/cCafnFWV9D,@BBCNews
58,0.0,2017-12-11 11:18:40,BBC News (UK),RT @BBCSport: FC Porto vs üëâ Liverpool https://t.co/5U77L86HKl #UCLDraw https://t.co/Os81kgEZsQ,@BBCNews
59,0.0,2017-12-11 11:18:15,BBC News (UK),"RT @BBCSport: Juventus v Tottenham
üëâ https://t.co/5U77L86HKl #UCLDraw https://t.co/DcrR69TIwY",@BBCNews
60,-0.6808,2017-12-11 11:04:21,BBC News (UK),Birstall house explosion: Three people hurt and one missing https://t.co/6VhbBnlSdE,@BBCNews
61,-0.3867,2017-12-11 11:00:34,BBC News (UK),"RT @VictoriaLIVE: ""The survivors don't like you, they don't want you coming here!""

Pat Mason - Labour Cllr for Kensington and Chelsea Coun‚Ä¶",@BBCNews
62,0.5267,2017-12-11 10:59:35,BBC News (UK),"RT @BBCSport: Here's your Champions League draw explainer üëâ
https://t.co/FpECSorunV 

We're minutes away from the
#UCLDraw, followed by the‚Ä¶",@BBCNews
63,0.0258,2017-12-11 10:27:22,BBC News (UK),RT @BBCBreaking: Russia's Vladimir Putin tells troops on a visit to Syria he is ordering the start of their withdrawal https://t.co/tUIQhkN‚Ä¶,@BBCNews
64,0.0,2017-12-11 10:19:22,BBC News (UK),üëÄ https://t.co/mfK2GVo9pT,@BBCNews
65,0.2247,2017-12-11 09:57:46,BBC News (UK),"RT @VictoriaLIVE: ""It's been much more challenging than we thought it would be - for them and us""

@RBKC Council Leader says she ""accepts""‚Ä¶",@BBCNews
66,0.4588,2017-12-11 08:38:06,BBC News (UK),The price of Christmas is on the up. Do you have any clever hacks to bring the price down? Let us know using‚Ä¶ https://t.co/BH3Iu1LebT,@BBCNews
67,-0.4588,2017-12-11 07:48:17,BBC News (UK),"RT @BBCNewsbeat: We asked @Jeremy_Hunt to come and debate the NHS with @RalfLittle in the Newsbeat studio. 

They've been arguing about it‚Ä¶",@BBCNews
68,0.0,2017-12-11 07:34:54,BBC News (UK),"RT @bbcweather: Brace yourself if you're about to head out... it's going to be a cold and, in places, icy #rushhour. Ben R https://t.co/Q9s‚Ä¶",@BBCNews
69,0.0,2017-12-11 07:34:10,BBC News (UK),"Follow updates as snow &amp; ice disrupt travel

https://t.co/aNnnTrTrBu https://t.co/W9z81NzexG",@BBCNews
70,0.0,2017-12-11 07:03:48,BBC News (UK),Manchester derby: Jose Mourinho has water &amp; milk thrown at him in tunnel row https://t.co/SadloL28Kv,@BBCNews
71,0.25,2017-12-11 06:05:17,BBC News (UK),Harassment survey: 'I'm a waitress but I feel like a sex worker' https://t.co/iPTkJJ4xXy,@BBCNews
72,-0.2732,2017-12-11 04:43:55,BBC News (UK),UK snow: Motorists warned of 'treacherous' ice https://t.co/ONcYN0zdNH,@BBCNews
73,-0.3612,2017-12-11 04:30:42,BBC News (UK),RT @bbcdavideades: The snow conundrum: a white wonderland to transform our wintry countryside - or a nightmare to mess up the (travel)routi‚Ä¶,@BBCNews
74,-0.34,2017-12-11 02:42:52,BBC News (UK),Grenfell Tower fire: Public inquiry hearings to start https://t.co/ryf7LfmHql,@BBCNews
75,-0.3818,2017-12-11 02:11:01,BBC News (UK),Galloway national park fight stepped up https://t.co/XivdWOHtIs,@BBCNews
76,0.7096,2017-12-11 02:07:49,BBC News (UK),Megan Bannister: Friend calls for 'duty to help' law https://t.co/FZ6lkYpPQs,@BBCNews
77,-0.6369,2017-12-11 01:23:29,BBC News (UK),'We are coming for you' message on abuse https://t.co/qvOJlAM5t6,@BBCNews
78,0.0,2017-12-11 01:23:27,BBC News (UK),Business leaders urge ministers to 'steady Scotland's economic ship' https://t.co/0qolJmPbfx,@BBCNews
79,0.5423,2017-12-11 00:52:12,BBC News (UK),Brexit: Theresa May claims new sense of optimism in talks https://t.co/aUVew7f9IQ,@BBCNews
80,0.4404,2017-12-11 00:45:58,BBC News (UK),Mt Hope installed as 'UK's highest peak' https://t.co/4fibo93xm8,@BBCNews
81,0.25,2017-12-10 23:50:38,BBC News (UK),Lord Kerslake resigns as King's College Hospital Trust chair https://t.co/BQ4oAtKZUg,@BBCNews
82,0.5859,2017-12-10 22:58:54,BBC News (UK),I'm A Celebrity 2017 winner revealed https://t.co/w0egX91Kmj,@BBCNews
83,-0.4404,2017-12-10 22:39:35,BBC News (UK),Thornton Heath kidnap: Arrests made over 50-hour ordeal https://t.co/xt6H83mRzP,@BBCNews
84,0.0,2017-12-10 19:44:08,BBC News (UK),Plymouth Pryzm nightclub deaths: Tributes paid to teenagers https://t.co/vS3fHvTo0B,@BBCNews
85,0.4215,2017-12-10 18:43:18,BBC News (UK),Manchester United 1-2 Manchester City https://t.co/5jrzPbLXbT,@BBCNews
86,0.7574,2017-12-10 18:31:52,BBC News (UK),"RT @BBCSport: Full time! Manchester United 1-2 Manchester City.

Pep Guardiola's side move 11 points clear at the top of the Premier League‚Ä¶",@BBCNews
87,0.0,2017-12-10 18:19:46,BBC News (UK),Qatar buys 24 Eurofighter Typhoon jets in ¬£6bn deal https://t.co/RPDlOvjxWI,@BBCNews
88,0.1901,2017-12-10 17:15:39,BBC News (UK),"RT @bbcweather: #Snow continues to ease for many overnight, but #ice will then become a hazard in many areas as temperatures plummet https:‚Ä¶",@BBCNews
89,0.0,2017-12-10 16:48:25,BBC News (UK),"RT @bbcweather: After a weekend of heavy snowfalls across large swathes of the UK, what's in store for the week ahead? Here's the full pict‚Ä¶",@BBCNews
90,-0.5093,2017-12-10 16:11:48,BBC News (UK),"RT @BBCSport: All over! 

Wayne Rooney's late penalty earns Everton a 1-1 draw at Liverpool.

Manager reaction here: https://t.co/Ka8og7nji‚Ä¶",@BBCNews
91,0.4215,2017-12-10 15:31:58,BBC News (UK),"RT @BBCBreakfast: #Snow has been falling around the #UK - with up to 10 inches in some places üß£‚ùÑÔ∏èüß§‚òÉÔ∏èüå¨Ô∏è
Have you been out enjoying it? We wo‚Ä¶",@BBCNews
92,-0.5574,2017-12-10 15:28:05,BBC News (UK),RT @BBCWorld: Star Wars: The Last Jedi - tributes to Carrie Fisher at LA premiere https://t.co/qYTiD3qGBD,@BBCNews
93,0.4588,2017-12-10 14:32:56,BBC News (UK),RT @BBCJonSopel: London looking cute https://t.co/V6vCg6N7na,@BBCNews
94,0.0516,2017-12-10 14:26:37,BBC News (UK),"Scenes of fun and frustration as snow hits parts of the UK ‚ùÑÔ∏èüõ∑‚òÉÔ∏è 

https://t.co/q8TF4YkVXY https://t.co/qZ0aa9ioRW",@BBCNews
95,0.0,2017-12-10 14:19:05,BBC News (UK),Ex soldier says Foreign Office 'betrayed' Chennai Six https://t.co/sDwU1eu65r,@BBCNews
96,-0.3182,2017-12-10 14:19:05,BBC News (UK),Ashes: Ben Duckett suspended from playing on England Lions tour https://t.co/c5ELhCYD8L,@BBCNews
97,-0.34,2017-12-10 14:11:03,BBC News (UK),RT @danroan: ECB suspends Duckett &amp; gives him final warning https://t.co/4khtWkiMMj,@BBCNews
98,0.0,2017-12-10 14:00:41,BBC News (UK),"RT @BBCSport: Full time!

Southampton 1-1 Arsenal.

A late goal by substitute Olivier Giroud earns Arsenal a point.

Manager reaction here:‚Ä¶",@BBCNews
99,0.0,2017-12-10 13:49:56,BBC News (UK),RT @bbcweather: Latest official snow depths. Matt https://t.co/wS22lMk5MX,@BBCNews
100,0.0,2017-12-11 23:21:28,CBS News,"RT @CBSEveningNews: The #CBSEveningNews starts in 10 minutes

@Jeffglor anchors live from Paris https://t.co/FhsnIusTgD",@CBSNews
101,-0.296,2017-12-11 23:19:40,CBS News,AHEAD: Hear what neighbors are saying about the New York City bombing suspect and what caught their attention befor‚Ä¶ https://t.co/5mQphtaSJH,@CBSNews
102,0.0,2017-12-11 23:05:15,CBS News,"""I couldn't vote for Roy Moore. The state of Alabama deserves better,"" Richard Shelby says | Commentary: Why Shelby‚Ä¶ https://t.co/mvWU6BWPQG",@CBSNews
103,0.5267,2017-12-11 22:50:01,CBS News,"A family's toy review videos, starring their 6-year-old son, turned the youngster into one of the richest YouTube s‚Ä¶ https://t.co/8QzLR3cpvh",@CBSNews
104,0.4588,2017-12-11 22:30:24,CBS News,A surreal sight: Dozens of manatees huddle together for warmth after overnight temperatures in this Florida town di‚Ä¶ https://t.co/gh644YPyVw,@CBSNews
105,0.0,2017-12-11 22:15:01,CBS News,".@CBSEveningNews anchor @jeffglor to interview French President Emmanuel Macron on Monday, Dec. 11. The interview w‚Ä¶ https://t.co/XQPA7wktka",@CBSNews
106,-0.8957,2017-12-11 21:55:31,CBS News,Shocking video shows a woman threatening to kill fellow passengers on a Southwest Airlines flight.‚Ä¶ https://t.co/HpwGlWe0Jk,@CBSNews
107,0.0,2017-12-11 21:38:54,CBS News,"RT @CBSEveningNews: PREVIEW

@JeffGlor interviews French President @EmmanuelMacron from Paris

Tune in #tonight at 6:30 PM ET https://t.co/‚Ä¶",@CBSNews
108,0.0,2017-12-11 21:35:01,CBS News,"Pres. Trump signed a new directive at the White House, aimed at furthering the administration's efforts in advancin‚Ä¶ https://t.co/cVAv2tTHlP",@CBSNews
109,0.0,2017-12-11 21:19:37,CBS News,Eighteen climate scientists from the U.S. and elsewhere hit the jackpot as French President Emmanuel Macron awarded‚Ä¶ https://t.co/7F1g5FzVIF,@CBSNews
110,0.0,2017-12-11 20:43:05,CBS News,Consumer advocates reported some glitches Monday in the final days for Obamacare sign-ups https://t.co/UxRW9Xld1p https://t.co/JCYhc7J95p,@CBSNews
111,0.0,2017-12-11 20:41:23,CBS News,"RT @CBSEveningNews: AHEAD

@JeffGlor interviews French President @EmmanuelMacron and anchors the #CBSEveningNews from Paris

Tune In 6:30 P‚Ä¶",@CBSNews
112,0.4019,2017-12-11 20:22:01,CBS News,"Just one day ahead of Alabama's special election, different polls are yielding widely different results for who wil‚Ä¶ https://t.co/hdmSb4xE6B",@CBSNews
113,0.0,2017-12-11 20:01:58,CBS News,WATCH LIVE: Pres. Trump announces space policy directive at White House https://t.co/pcVgdOILb1 https://t.co/aqHIe49zO8,@CBSNews
114,0.0,2017-12-11 20:01:34,CBS News,NOW: Pres. Trump signs new space policy directive at White House. Follow here for live updates:‚Ä¶ https://t.co/6WSgk1k7gY,@CBSNews
115,0.0,2017-12-11 19:42:53,CBS News,"""Absolutely, I would say I have an empathy for any individual who has been sexually harassed,"" @PressSec says, afte‚Ä¶ https://t.co/54nHp9j9NV",@CBSNews
116,-0.4404,2017-12-11 19:33:41,CBS News,"""You said he has denied [accusations of sexual misconduct]. Can you say whether or not they are false?""
@PressSec:‚Ä¶ https://t.co/uYehvagSrI",@CBSNews
117,0.5194,2017-12-11 19:32:21,CBS News,"Reporter: ""I would say that journalists make honest mistakes and that doesn't make them fake news."" 
@PressSec: ""Wh‚Ä¶ https://t.co/TThdUrGn3k",@CBSNews
118,0.5574,2017-12-11 19:28:39,CBS News,"""The president said himself he thinks it's a good thing that women are coming forward, but he also feels strongly t‚Ä¶ https://t.co/BpPIwULHOl",@CBSNews
119,-0.6369,2017-12-11 19:26:31,CBS News,"""The president has addressed these accusations directly and denied all of these allegations, and this took place lo‚Ä¶ https://t.co/jdeicVXKff",@CBSNews
120,0.0,2017-12-11 19:23:29,CBS News,WATCH LIVE: @PressSec Sarah Huckabee Sanders holds press briefing at White House following New York City subway att‚Ä¶ https://t.co/hq1gODRnry,@CBSNews
121,0.0,2017-12-11 19:15:01,CBS News,"Despite Pres. Trump's opposition, transgender people can enlist in the military beginning Jan. 1, Pentagon official‚Ä¶ https://t.co/vFvWRzJOYG",@CBSNews
122,-0.9042,2017-12-11 19:00:02,CBS News,Southwest Airlines passenger arrested after threatening to kill everyone on flight https://t.co/A7Nr44Q3EQ https://t.co/nWoLq48ap1,@CBSNews
123,0.6526,2017-12-11 18:45:47,CBS News,"""If you are made fun of, just don't let it bother you,"" a tearful boy named Keaton Jones says in an anti-bullying v‚Ä¶ https://t.co/eP5uCZgGhA",@CBSNews
124,-0.296,2017-12-11 18:30:55,CBS News,"""The public needs to be aware that this is the type of person he is."" Several women who have publicly accused Presi‚Ä¶ https://t.co/ZkQBqxyaj2",@CBSNews
125,-0.6486,2017-12-11 18:10:32,CBS News,"""The behavior was wrong and there are no excuses,"" celebrity chef Mario Batali says in a statement after he was rem‚Ä¶ https://t.co/pWRMqGjZDn",@CBSNews
126,0.1027,2017-12-11 17:51:30,CBS News,"RNC official quits over party's support of Roy Moore, says she ""strongly"" disagrees with RNC's choice to resume fin‚Ä¶ https://t.co/91Js5jcqWL",@CBSNews
127,0.0,2017-12-11 17:25:02,CBS News,"Celebrity chef Mario Batali was abruptly removed from his role as co-host of ""The Chew"" on Monday amid sexual haras‚Ä¶ https://t.co/C86uloWnj1",@CBSNews
128,-0.2263,2017-12-11 17:10:01,CBS News,New York City police have identified the suspect in an explosion near the Port Authority bus terminal Monday mornin‚Ä¶ https://t.co/Or3Cj5gfoR,@CBSNews
129,-0.7003,2017-12-11 16:55:03,CBS News,"Five years after the Sandy Hook mass shooting, a third of Americans say gun violence in America is a crisis, but th‚Ä¶ https://t.co/K0QGFqWff5",@CBSNews
130,0.1027,2017-12-11 16:54:34,CBS News,"RNC employee Joyce Simmons quits over party's support for Roy Moore, writing that she ""strongly"" disagrees with the‚Ä¶ https://t.co/hpfQCPS5s9",@CBSNews
131,0.0,2017-12-11 16:40:01,CBS News,"A CBS News poll finds a third of Americans say that in the wake of recent mass shootings, they are less likely to a‚Ä¶ https://t.co/kNV6xYCkof",@CBSNews
132,0.7063,2017-12-11 16:25:01,CBS News,A CBS News poll find most Americans think better mental health screening and treatment would do a lot to help preve‚Ä¶ https://t.co/2DyL1K0h7u,@CBSNews
133,0.0516,2017-12-11 16:10:52,CBS News,"‚ÄúI think the endorsement is disgusting. Absolutely disgusting,‚Äù Holvey says of @POTUS‚Äô endorsement of Roy Moore.‚Ä¶ https://t.co/CHSvRTAejA",@CBSNews
134,0.3182,2017-12-11 16:04:24,CBS News,"‚ÄúWhat I'm more concerned about is, as a culture in our country what is acceptable behavior? And the standard that o‚Ä¶ https://t.co/2dcVNv5l8v",@CBSNews
135,0.3182,2017-12-11 16:02:16,CBS News,"I think if [Congress] was willing to investigate Senator Franken, I think it is only fair that they do the same for‚Ä¶ https://t.co/OlXbBQ91ca",@CBSNews
136,0.0,2017-12-11 16:01:08,CBS News,"Reporter: Are the three of you asking for a congressional investigation and from what committees?
Holvey: They have‚Ä¶ https://t.co/09xA35tzRP",@CBSNews
137,-0.6369,2017-12-11 15:59:06,CBS News,"""In some areas, the accusations of of sexual aggression were being taken seriously. And people were being held acco‚Ä¶ https://t.co/U9SHnaGq67",@CBSNews
138,0.3818,2017-12-11 15:56:41,CBS News,"‚ÄúAbout 12 years ago, as a young receptionist in Trump Tower, I was forcibly kissed by Mr. Trump during our first in‚Ä¶ https://t.co/1GQOyW7jxL",@CBSNews
139,-0.3182,2017-12-11 15:54:09,CBS News,‚ÄúThis behavior isn't rare in our society &amp; people of all backgrounds can be victims. The only reason I am here toda‚Ä¶ https://t.co/C7iIlyT2Rm,@CBSNews
140,-0.0772,2017-12-11 15:49:58,CBS News,"Samantha Holvey, who accuses @POTUS of sexual misconduct, says her dreams of competing in the Miss USA pageant ""nev‚Ä¶ https://t.co/xXDHNi1dt7",@CBSNews
141,-0.8591,2017-12-11 15:43:10,CBS News,"WATCH: Women who have publicly accused President Trump of sexual harassment and assault speak at a news conference,‚Ä¶ https://t.co/nAGxfFgeli",@CBSNews
142,0.0,2017-12-11 15:35:23,CBS News,".@CBSEveningNews anchor @jeffglor to interview French President Emmanuel Macron on Monday, Dec. 11. The interview w‚Ä¶ https://t.co/oCK9zEWs1p",@CBSNews
143,-0.296,2017-12-11 15:29:02,CBS News,AHEAD: Several women who have publicly accused Pres. Trump of sexual misconduct are speaking out at a joint news in‚Ä¶ https://t.co/39kqZaM2q7,@CBSNews
144,-0.2263,2017-12-11 15:13:02,CBS News,"Suspect in Port Authority explosion Akyed Ullah's taxi license has lapsed, New York City Taxi and Limousine Commiss‚Ä¶ https://t.co/hgLBbzLS7E",@CBSNews
145,0.0,2017-12-11 15:12:49,CBS News,"‚ÄúReporters asked authorities if [the suspect] said anything after the explosion. They said he did speak, but they w‚Ä¶ https://t.co/ZZpJXkD1QU",@CBSNews
146,-0.765,2017-12-11 15:12:16,CBS News,"Surveillance video shows people immediately run away from the suspect as the pipe bomb is detonated, and no one els‚Ä¶ https://t.co/nqQWzmcnvW",@CBSNews
147,-0.4939,2017-12-11 15:02:41,CBS News,"The pipe bomb was as attached to the suspect‚Äôs body using velcro and zip ties, NYPD Deputy Police Commissioner John‚Ä¶ https://t.co/Hj902pun1y",@CBSNews
148,0.0772,2017-12-11 14:55:12,CBS News,‚ÄúThree other people that were in proximity of the explosion removed themselves‚Äù from the Port Authority scene and t‚Ä¶ https://t.co/5mcfPi07LK,@CBSNews
149,-0.296,2017-12-11 14:53:07,CBS News,First responders found the suspect with burns and wounds to his body and the preliminary investigation at the scene‚Ä¶ https://t.co/92K6RvOSKC,@CBSNews
150,-0.2263,2017-12-11 14:51:24,CBS News,"NEW: Suspect in Port Authority explosion has been identified as 27-year-old Akyed Ullah, according to New York City‚Ä¶ https://t.co/L8xSxkiN2s",@CBSNews
151,0.0772,2017-12-11 14:49:57,CBS News,"The Port Authority Bus Terminal has reopened following an explosion earlier Monday morning, @PABusTerminal says.‚Ä¶ https://t.co/Os2NYQrJCH",@CBSNews
152,-0.8004,2017-12-11 14:49:01,CBS News,"‚ÄúThe terrorists will not win. We‚Äôre going to keep being New Yorkers. Let‚Äôs get back to work,‚Äù @NYCMayor Bill de Bla‚Ä¶ https://t.co/6z0DdDTI5D",@CBSNews
153,0.0,2017-12-11 14:48:02,CBS News,‚ÄúWhen an every day New Yorker sees something that doesn‚Äôt make sense...tell a police officer. They are the ones who‚Ä¶ https://t.co/nqH046I9vK,@CBSNews
154,-0.7003,2017-12-11 14:45:20,CBS News,"‚ÄúLet‚Äôs be clear, this was an attempted terrorist attack. Thank God the the perpetrator did not achieve ultimate his‚Ä¶ https://t.co/rTnWCnBFtm",@CBSNews
155,0.0,2017-12-11 14:43:05,CBS News,‚ÄúThis is New York. The reality is that we are a target by many...The counter-reality is that this is New York and w‚Ä¶ https://t.co/gagTWpywo8,@CBSNews
156,0.5719,2017-12-11 14:40:40,CBS News,"‚ÄúThere was an explosion... It was an effectively low tech device. There were several injuries, we hope minor. And i‚Ä¶ https://t.co/sr7BgL2orI",@CBSNews
157,-0.2263,2017-12-11 14:38:11,CBS News,NOW: New York City officials give update on Port Authority explosion. Injuries have been reported. The suspect has‚Ä¶ https://t.co/Qjv5m8MMM4,@CBSNews
158,0.0772,2017-12-11 14:35:58,CBS News,SOON: @NYCMayor Bill de Blasio will hold a press conference with updates on the Port Authority explosion‚Ä¶ https://t.co/wqce9iwUJL,@CBSNews
159,-0.6249,2017-12-11 14:28:40,CBS News,NEW: Photograph shows Port Authority explosion suspect on the ground after alleged pipe bomb detonated. He received‚Ä¶ https://t.co/UBx8yfUKE0,@CBSNews
160,-0.4939,2017-12-11 14:25:25,CBS News,NEW: Video shows the moment that an apparent pipe bomb goes off in the busy pedestrian walkway between Times Square‚Ä¶ https://t.co/U0BAZkdLIf,@CBSNews
161,0.0772,2017-12-11 14:22:40,CBS News,"4 injuries reported from Port Authority explosion. ""All injuries are non-life-threatening,"" @FDNY says‚Ä¶ https://t.co/IfqMQDXKGH",@CBSNews
162,-0.2247,2017-12-11 14:22:35,CBS News,"‚ÄúThe scene, which was incredibly chaotic and crowded in the minutes and hour [after the explosion], has calmed down‚Ä¶ https://t.co/X3npxqG4fD",@CBSNews
163,-0.7717,2017-12-11 14:19:24,CBS News,‚ÄúIt is a substantial challenge‚Äù for the FBI to identify everyone who is a possible threat now that terrorists can t‚Ä¶ https://t.co/BjtT9M3z6E,@CBSNews
164,0.0772,2017-12-11 14:10:01,CBS News,"New York City Mayor Bill de Blasio is en route to the scene of the Port Authority explosion, according to‚Ä¶ https://t.co/xGwfuPMyPU",@CBSNews
165,-0.296,2017-12-11 14:08:21,CBS News,"""What we know about the suspect, who is in custody, is he's 20 years old and he is from Bangladesh. That is all we‚Ä¶ https://t.co/3WGq5LFNA0",@CBSNews
166,-0.5368,2017-12-11 14:03:51,CBS News,"‚ÄúThree people injured as well as the suspect, who was injured when that device exploded without warning. He was wal‚Ä¶ https://t.co/HYk3M9MSdU",@CBSNews
167,-0.6597,2017-12-11 13:59:48,CBS News,"Sources tell @CBSNewYork the suspect had a homemade pipe bomb that exploded prematurely, @reenaroy reports‚Ä¶ https://t.co/4pQIteJ2Bc",@CBSNews
168,-0.296,2017-12-11 13:56:42,CBS News,"One witness described the suspect possibly had wires coming out of his vest, @CBSNewYork reports‚Ä¶ https://t.co/5FwrRE2Sui",@CBSNews
169,-0.6486,2017-12-11 13:53:27,CBS News,"Port Authority explosion update: ""One male suspect is in custody. No injuries other than suspect at this time,""‚Ä¶ https://t.co/JXR0GIq8qZ",@CBSNews
170,0.0,2017-12-11 13:51:02,CBS News,A federal law enforcement official says the device malfunctioned. The source says ‚Äúit did not fully detonate which‚Ä¶ https://t.co/f6S4stR5cJ,@CBSNews
171,-0.2263,2017-12-11 13:42:27,CBS News,"‚ÄúThe Port Authority is a massive complex...At this point, I see no one exiting the building, so presumably"" buses a‚Ä¶ https://t.co/8GYY4TERQg",@CBSNews
172,-0.296,2017-12-11 13:38:24,CBS News,"NYPD says the suspect in custody had another device, @Brook Silva-Braga reports https://t.co/bM1QNc561o https://t.co/ScNtFk6eC3",@CBSNews
173,-0.4939,2017-12-11 13:37:06,CBS News,‚ÄúThe call came in to first responders at 7:19 of an explosion. We now understand it was a pipe bomb. The NYPD tells‚Ä¶ https://t.co/PPWbvkJ546,@CBSNews
174,0.0772,2017-12-11 13:32:13,CBS News,"‚ÄúWe have learned that @POTUS has been briefed on this situation‚Äù at Port Authority bus terminal in New York City,‚Ä¶ https://t.co/AftEleOglW",@CBSNews
175,-0.6808,2017-12-11 13:23:39,CBS News,"‚ÄúMultiple forces including NYPD, JTTF (Joint Terrorism Task Force), the FBI, probably ATF"" are probably working tog‚Ä¶ https://t.co/TzeDTq1hYH",@CBSNews
176,-0.9062,2017-12-11 13:18:08,CBS News,"Authorities will try to determine ‚ÄúIf it is an act of terrorism, if this is a terrorist, is he alone wolf?...Are th‚Ä¶ https://t.co/sahEfJfQUj",@CBSNews
177,0.0772,2017-12-11 13:14:01,CBS News,An explosion has been reported at the Port Authority bus terminal in New York City. New Yorkers were advised to avo‚Ä¶ https://t.co/LfKKz6gzOg,@CBSNews
178,0.0772,2017-12-11 13:08:41,CBS News,Thousands of people commute through Port Authority each day. At this time we are hearing of at least one person inj‚Ä¶ https://t.co/761PR3DZSQ,@CBSNews
179,-0.34,2017-12-11 13:05:56,CBS News,MORE: Sources tell CBS News at least one person is under arrest and at least one person has been injured‚Ä¶ https://t.co/8Uf804XKyc,@CBSNews
180,0.5766,2017-12-11 13:04:45,CBS News,SPECIAL REPORT: Police have evacuated Port Authority bus terminal due to an explosion. Sources tell CBS News so far‚Ä¶ https://t.co/iGC23gL4qt,@CBSNews
181,0.4019,2017-12-11 13:01:01,CBS News,Republican Roy Moore and Democrat Doug Jones take their final laps on the campaign trail before Tuesday's special e‚Ä¶ https://t.co/eps0OqfW4x,@CBSNews
182,0.0772,2017-12-11 12:58:03,CBS News,DEVELOPING: Reports of an explosion within Port Authority in New York City. Evacuations underway‚Ä¶ https://t.co/otZygBDF7i,@CBSNews
183,0.296,2017-12-11 12:53:19,CBS News,"AHEAD: @CBSEveningNews anchor @JeffGlor will join @CBSThisMorning from Paris, where he will interview France‚Äôs Pres‚Ä¶ https://t.co/vxOgwi5CuS",@CBSNews
184,-0.5106,2017-12-11 12:49:52,CBS News,"A widely-shared, emotional video is starting a new national conversation about bullying. Keaton Jones, a middle sch‚Ä¶ https://t.co/lozpij6fAE",@CBSNews
185,-0.7906,2017-12-11 12:41:01,CBS News,"Threat of violence looms as demonstrations continued around the world on Monday, well beyond the Middle East and th‚Ä¶ https://t.co/KXdWyGDpko",@CBSNews
186,-0.5859,2017-12-11 12:40:40,CBS News,"‚ÄúThe Air Force Academy tells us that in the last five years, 11 cadet survivors of sexual assault decided to leave.‚Ä¶ https://t.co/FD3KuVA1Nf",@CBSNews
187,0.0,2017-12-11 12:35:59,CBS News,"In a six-month investigation you'll see only on @CBSThisMorning, @NorahODonnell and her team traveled to the United‚Ä¶ https://t.co/OKuZnRKnWt",@CBSNews
188,0.2732,2017-12-11 12:32:42,CBS News,"Here‚Äôs this morning‚Äôs 3 things you need to know:
1Ô∏è‚É£ Manafort &amp; Gates in court
2Ô∏è‚É£ Putin's surprise visit
3Ô∏è‚É£ Bitco‚Ä¶ https://t.co/xRzx2O0o9t",@CBSNews
189,-0.5106,2017-12-11 12:21:41,CBS News,AHEAD on @CBSThisMorning: How an emotional video of an 11-year-old is starting a new conversation about bullying an‚Ä¶ https://t.co/EGgYvbxhNn,@CBSNews
190,-0.8126,2017-12-11 12:21:01,CBS News,Man and woman arrested after woman found dead and her daughter found tied up Hawaii rental home‚Ä¶ https://t.co/hwj9Zf5FI6,@CBSNews
191,0.34,2017-12-11 12:20:01,CBS News,The NFL faces new questions about its concussion policy after Houston‚Äôs quarterback went out to play with a head in‚Ä¶ https://t.co/sAnavgN38J,@CBSNews
192,-0.9402,2017-12-11 12:18:23,CBS News,A serial killer sentenced to life in prison says there are more victims than the seven he confessed to killing. Tod‚Ä¶ https://t.co/2EhJxj6gl5,@CBSNews
193,0.4019,2017-12-11 12:16:59,CBS News,Israel's Prime Minister urged European allies to support the president's decision. That follows a series of violent‚Ä¶ https://t.co/f8EGXlyPdr,@CBSNews
194,-0.8074,2017-12-11 12:15:51,CBS News,Some of the women who accused President Trump of sexual abuse will hold a news conference this morning demanding an‚Ä¶ https://t.co/KCkjicuU0Q,@CBSNews
195,0.7184,2017-12-11 12:14:11,CBS News,"‚ÄúThere‚Äôs a huge ‚Äòif‚Äô in this election result,‚Äù @MajorCBS says, adding that if Roy Moore wins, ‚Äúhe faces an immediat‚Ä¶ https://t.co/JqEQJbA3wN",@CBSNews
196,0.4019,2017-12-11 12:12:22,CBS News,Chief White House correspondent @MajorCBS joins @CBSThisMorning to discuss Tuesday's special election in Alabama‚Ä¶ https://t.co/zorowJSTHV,@CBSNews
197,0.4019,2017-12-11 12:08:35,CBS News,Alabama's Senate candidates are making final campaign pushes before Tuesday's special election. Republican Roy Moor‚Ä¶ https://t.co/cXOXfm51Fy,@CBSNews
198,0.0,2017-12-11 12:07:46,CBS News,This morning 7 Northeastern states are under winter weather advisories as millions of people dig out from a very po‚Ä¶ https://t.co/BiOljKryty,@CBSNews
199,-0.8268,2017-12-11 12:06:16,CBS News,The largest and most destructive wildfire burning in Southern California is threatening to spread to thousands more‚Ä¶ https://t.co/3EMGIO4Vr8,@CBSNews
200,0.0,2017-12-11 23:34:08,CNN,"Condoleezza Rice on the Alabama special election: ""Reject bigotry, sexism, and intolerance"" https://t.co/05g4mHhDPC https://t.co/kFSr6ykZ8d",@CNN
201,0.6124,2017-12-11 23:28:27,CNN,"He may no longer be in office, but former President Obama is still encouraging people to sign up for Obamacare as a‚Ä¶ https://t.co/6HQOCTeBaB",@CNN
202,-0.4005,2017-12-11 23:22:37,CNN,Here's what really scares Donald Trump | Analysis by CNN's Chris Cillizza https://t.co/uNxpM4yvKZ https://t.co/FaGK8zLXf3,@CNN
203,0.4404,2017-12-11 23:18:22,CNN,RT @KyungLahCNN: #ThomasFire sunset in Carpinteria. Smoke rising up is good news for firefighters. Wind shifting so SW flank is burning slo‚Ä¶,@CNN
204,-0.1531,2017-12-11 23:11:05,CNN,There's a shakeup happening at Soylent. A cofounder of the Silicon Valley startup is stepping down as CEO.‚Ä¶ https://t.co/csbgdX6iWl,@CNN
205,-0.296,2017-12-11 23:10:14,CNN,"In conversations with authorities, the New York City bombing suspect pledged allegiance to ISIS, a law enforcement‚Ä¶ https://t.co/CY6hvUtiic",@CNN
206,0.5994,2017-12-11 23:04:14,CNN,"RT @CNNSitRoom: President Trump backs Roy Moore with Alabama robocall: ""Roy Moore is the guy we need to pass our 'Make America Great Again'‚Ä¶",@CNN
207,0.0,2017-12-11 23:03:54,CNN,The hotly contested race between Republican Roy Moore and Democrat Doug Jones will come to a close Tuesday when Ala‚Ä¶ https://t.co/vbMf1qSjbT,@CNN
208,0.0,2017-12-11 22:44:23,CNN,"The New Yorker has parted ways with its Washington correspondent, Ryan Lizza, following a review of what it called‚Ä¶ https://t.co/pR8kh2apj7",@CNN
209,-0.8591,2017-12-11 22:43:38,CNN,RT @CNNSitRoom: A group of women who have publicly accused President Trump of sexual harassment and assault detailed their accounts of bein‚Ä¶,@CNN
210,-0.5095,2017-12-11 22:42:19,CNN,Sarah Sanders just made a hugely offensive allegation against the media | Analysis by CNN's Chris Cillizza‚Ä¶ https://t.co/vOr05ktd8E,@CNN
211,-0.6486,2017-12-11 22:36:13,CNN,"RT @CNNSitRoom: The New York bombing suspect told investigators he carried out the attack because of recent Israeli actions in Gaza, law en‚Ä¶",@CNN
212,-0.2263,2017-12-11 22:32:20,CNN,Rep. Peter King: I don't think President Trump's proposed immigration policies would have stopped the New York atta‚Ä¶ https://t.co/4IXrVPEZAK,@CNN
213,-0.5574,2017-12-11 22:30:51,CNN,Saudi Arabia ends a 35-year ban on movie theaters https://t.co/HnlameXhGp https://t.co/wh3hcxa7d5,@CNN
214,-0.128,2017-12-11 22:29:19,CNN,"Republican Rep. Peter King: I disagree with President Trump and would not vote for Roy Moore, ""there's a certain li‚Ä¶ https://t.co/sCtRIfQnt2",@CNN
215,-0.4207,2017-12-11 22:25:28,CNN,Just because the botched attack in New York wasn't deadly doesn't mean we shouldn't fear the threat of terrorists w‚Ä¶ https://t.co/AVhpZnRMMu,@CNN
216,0.4019,2017-12-11 22:19:07,CNN,"A special election to replace Arizona Republican Rep. Trent Franks will be held next year, with a primary February‚Ä¶ https://t.co/7cuQzOc7Ly",@CNN
217,0.0,2017-12-11 22:13:18,CNN,"Siri, what's that song?

Apple has confirmed it is buying Shazam. https://t.co/VXt04AedNf https://t.co/tdVDFNLNr4",@CNN
218,0.0,2017-12-11 22:05:06,CNN,The world's greenest cruise ship will have sails https://t.co/7DctUsBbVP https://t.co/eM1p8YL9UY,@CNN
219,0.0772,2017-12-11 21:58:05,CNN,She‚Äôs employee number 29¬†at Facebook. ‚ÄúI just really believed that Facebook and Mark Zuckerberg was going to be rea‚Ä¶ https://t.co/KcrVqOWTqJ,@CNN
220,0.0,2017-12-11 21:57:34,CNN,"The countdown to the New Year has begun, and lawmakers on Capitol Hill have been busy trying to reconcile their tax‚Ä¶ https://t.co/qX8oF40CQZ",@CNN
221,0.0,2017-12-11 21:53:31,CNN,"Twitter is hosting an event next month that will feature only high-profile female speakers, in what the company say‚Ä¶ https://t.co/MDlq4OzBQF",@CNN
222,0.3612,2017-12-11 21:43:39,CNN,"RT @TheLeadCNN: The White House, run by the President who came to political prominence by promoting the lie that the first African-American‚Ä¶",@CNN
223,0.0,2017-12-11 21:40:21,CNN,"ü•§ ü•§ ü•§ ü•§ü•§ ü•§ ü•§ ü•§ü•§ ü•§ ü•§ ü•§ 

President Trump reportedly drinks 12 Diet Cokes each day. What exactly does that do to his‚Ä¶ https://t.co/wqwDNoeFaN",@CNN
224,-0.296,2017-12-11 21:37:45,CNN,A rising star at the State Department has written a blistering resignation letter to Secretary of State Rex Tillers‚Ä¶ https://t.co/zxAvvcf28X,@CNN
225,-0.2732,2017-12-11 21:30:34,CNN,White House claims President Trump's immigration plans could have prevented the suspect in an attempted New York te‚Ä¶ https://t.co/mKUfYG9ViX,@CNN
226,0.0,2017-12-11 21:15:20,CNN,"ü•§ ü•§ ü•§ ü•§ü•§ ü•§ ü•§ ü•§ü•§ ü•§ ü•§ ü•§ 

President Trump reportedly drinks 12 Diet Coke‚Äôs each day. What exactly does that do to his‚Ä¶ https://t.co/SqeHbWq5nU",@CNN
227,-0.5719,2017-12-11 21:04:16,CNN,"‚ÄúWe dodged a bullet this morning, there‚Äôs no doubt about it‚Äù: James Gagliano discusses the explosion in New York Ci‚Ä¶ https://t.co/zdHBDzf9Z5",@CNN
228,0.5574,2017-12-11 20:57:51,CNN,"Rep. Gwen Moore recently wrote a letter expressing her ""urgent concern"" about the safety of Senate pages if Roy Moo‚Ä¶ https://t.co/kFa1RplihX",@CNN
229,-0.1027,2017-12-11 20:52:04,CNN,"Judge warns Paul Manafort on his work on an op-ed defending his efforts in Ukraine, saying that a court-issued gag‚Ä¶ https://t.co/R5SchVzwO4",@CNN
230,0.0,2017-12-11 20:40:42,CNN,"Having older brothers increases men's likelihood of being gay, newly published research suggests‚Ä¶ https://t.co/o4Vm4O6D4D",@CNN
231,0.0,2017-12-11 20:35:16,CNN,Secret message apps are on the rise at work https://t.co/W9XsVZHXuB https://t.co/VTUFs2Fnb3,@CNN
232,-0.296,2017-12-11 20:29:58,CNN,"""I suspect we'll be finding other places to land in addition to the moon"": President Trump wants to send astronauts‚Ä¶ https://t.co/4SNsJK892g",@CNN
233,-0.34,2017-12-11 20:24:10,CNN,Democratic US Sen. Kirsten Gillibrand says President Donald Trump should resign over allegations of sexual miscondu‚Ä¶ https://t.co/i0FFKwAnR0,@CNN
234,-0.6486,2017-12-11 20:18:05,CNN,Europe's five biggest economies have warned the Trump administration that its tax plan may violate international tr‚Ä¶ https://t.co/GV4CQCPj3C,@CNN
235,0.0,2017-12-11 20:10:02,CNN,"‚ÄúI express myself through music.‚Äù Born with a rare genetic condition, this 19-year-old Juilliard musician spends we‚Ä¶ https://t.co/YZhEqowr2D",@CNN
236,0.0,2017-12-11 20:01:47,CNN,President Trump speaks from the White House. Watch live on CNN: https://t.co/UYpqI3w42L https://t.co/UX8UsWrJVi,@CNN
237,0.0,2017-12-11 20:00:20,CNN,"Former President Obama is adding his voice to the Alabama Senate race, imploring voters to go to the polls Tuesday‚Ä¶ https://t.co/Tz4MzdDAm9",@CNN
238,0.3818,2017-12-11 19:59:49,CNN,"RT @CNNPolitics: Sanders on the Middle East: ‚ÄúWe are continuing to urge calm, and we‚Äôre open and willing and want to continue meeting and d‚Ä¶",@CNN
239,0.0,2017-12-11 19:59:28,CNN,The SEC shut down plans by a startup food review site to raise money by selling digital tokens. The startup planned‚Ä¶ https://t.co/Ybnl3UXWQq,@CNN
240,0.5983,2017-12-11 19:53:20,CNN,RT @CNNnewsroom: Voting for CNN Hero of the Year CLOSES Tuesday 12/12 at 11:59pm PT -- VOTE NOW at https://t.co/xFRTVRwoiy! #CNNHeroes @OpB‚Ä¶,@CNN
241,0.5106,2017-12-11 19:52:47,CNN,Transgender people are free to enlist in the US military beginning in 2018 after a federal judge declined the US go‚Ä¶ https://t.co/NhMIJUmGF0,@CNN
242,0.0,2017-12-11 19:50:04,CNN,The California wildfires are now larger than New York City and Boston combined https://t.co/EMSpgKoaoc https://t.co/Nvdj84NWCm,@CNN
243,-0.2263,2017-12-11 19:44:30,CNN,CNN Exclusive: Sen. Kirsten Gillibrand calls on President Trump to resign https://t.co/RJ2N2Hicau https://t.co/LcKrgDhKaB,@CNN
244,-0.1779,2017-12-11 19:41:00,CNN,"RT @CNNPolitics: Sanders on Roy Moore: ‚ÄúAs the President said, he found the allegations troubling. If they were true, then he should step a‚Ä¶",@CNN
245,-0.6369,2017-12-11 19:40:45,CNN,"""Look, the President has addressed these accusations directly and denied all of these allegations"": White House pre‚Ä¶ https://t.co/0y8gjiABEa",@CNN
246,0.0,2017-12-11 19:40:12,CNN,"""We should all be willing to listen to"" women who speak up about inappropriate sexual behavior, including President‚Ä¶ https://t.co/4x8ypdiVFL",@CNN
247,-0.8074,2017-12-11 19:38:10,CNN,Sarah Sanders addresses allegations of sexual assault and harassment against President Trump: ‚ÄúThe American people‚Ä¶ https://t.co/NjGTM8k67a,@CNN
248,0.0,2017-12-11 19:38:00,CNN,"RT @CNNPolitics: White House press secretary Sarah Sanders in response to President Trump‚Äôs accusers speaking out: ""The President has addre‚Ä¶",@CNN
249,-0.296,2017-12-11 19:30:10,CNN,"Two Democratic senators called for President Trump's resignation over the weekend, citing the multiple accusations‚Ä¶ https://t.co/nW0ahmJCl0",@CNN
250,-0.7096,2017-12-11 19:20:12,CNN,This 15-year-old wept as her parents told her their insurance company denied her for minimally invasive brain surge‚Ä¶ https://t.co/x6l7Y6pdTo,@CNN
251,0.0,2017-12-11 19:10:07,CNN,Parents to Congress: My child depends on CHIP for health insurance https://t.co/OUpqqqQTfY https://t.co/2VhS3FxvFc,@CNN
252,0.0,2017-12-11 19:00:06,CNN,"For the first time, an experimental drug has reduced levels of the toxic protein that causes Huntington's disease i‚Ä¶ https://t.co/RvMInHGbtQ",@CNN
253,0.0,2017-12-11 18:50:07,CNN,"Siri, what's that song?

Apple buys Shazam: https://t.co/Fvf8r2mIsL https://t.co/YC8iPPs2jd",@CNN
254,0.5267,2017-12-11 18:41:08,CNN,A 12 Diet Cokes-a-day habit like Trump's is worth changing https://t.co/UkB2nRumKA https://t.co/H8QHLyRkK6,@CNN
255,-0.296,2017-12-11 18:33:54,CNN,NYC bombing suspect Akayed Ullah told investigators that recent Israeli actions in Gaza are the reason he carried o‚Ä¶ https://t.co/vgRbqtBlgk,@CNN
256,-0.1027,2017-12-11 18:23:28,CNN,"5 reasons you need to pay attention to the Roy Moore race:

- Trump's policy agenda
- The 2018 election
- The GOP b‚Ä¶ https://t.co/3ulQmzkAfw",@CNN
257,0.0,2017-12-11 18:09:12,CNN,President Trump wants to send astronauts back to the Moon -- and eventually Mars https://t.co/yT29ZCR2Z5 https://t.co/H5Fim8OeJM,@CNN
258,0.0,2017-12-11 17:52:52,CNN,"Wild parrots were shipped to New York in the 1960s destined for pet stores, but many of them escaped and still live‚Ä¶ https://t.co/rfzGXjoL5N",@CNN
259,0.2146,2017-12-11 17:40:15,CNN,"Democrats might not win in Alabama, but they can't lose either | Analysis by @GregJKrieg https://t.co/PS2nXJB3bJ https://t.co/BRLVvn4Zua",@CNN
260,0.0,2017-12-11 17:30:06,CNN,"Former President Barack Obama is adding his voice to the Alabama Senate race, imploring voters to go to the polls T‚Ä¶ https://t.co/h1ogfwNe1G",@CNN
261,0.0,2017-12-11 17:20:15,CNN,"Before Roy Moore goes head-to-head with Democrat Doug Jones on Tuesday, catch up on the events that have brought us‚Ä¶ https://t.co/y3ZLNTC9sm",@CNN
262,0.5574,2017-12-11 17:10:03,CNN,"Meet the woman in charge of growing Facebook to the next billion users. How Naomi Gleit, VP of Social Good, got the‚Ä¶ https://t.co/WhALdPw2ka",@CNN
263,0.5574,2017-12-11 17:02:41,CNN,Here's step-by-step details on how to vote for the CNN Hero of the Year at https://t.co/ANMKKlbytz‚Ä¶ https://t.co/QWWHPPaPbw,@CNN
264,0.0,2017-12-11 16:56:28,CNN,President Trump's #metoo moment is here | Analysis by @CillizzaCNN https://t.co/3ArVuPpqXW https://t.co/Yz1BFIc1qF,@CNN
265,-0.296,2017-12-11 16:45:51,CNN,"What we know about the NYC bombing suspect

- Police ID him as Akayed Ullah

- He's a 27-year-old man of Bangladesh‚Ä¶ https://t.co/ucXuTWD7Sm",@CNN
266,0.0,2017-12-11 16:42:01,CNN,The California wildfires are now larger than New York City and Boston combined https://t.co/9ePVuSXUpd https://t.co/n6JbgEFnxa,@CNN
267,0.0,2017-12-11 16:26:11,CNN,Take a look back at the photos that shaped 2017: https://t.co/ksho3CBLx6 https://t.co/ra5AlsxFV3,@CNN
268,-0.7096,2017-12-11 16:26:07,CNN,This 15-year-old wept as her parents told her their insurance company denied her for minimally invasive brain surge‚Ä¶ https://t.co/nhPom6AFX5,@CNN
269,-0.4019,2017-12-11 16:16:03,CNN,"Nearly one child dies every month and about about two are injured every day in window blind-related incidents, acco‚Ä¶ https://t.co/T3RpfiqmD7",@CNN
270,0.0,2017-12-11 16:06:04,CNN,About 45% of US children ages 10 to 12 have a smartphone with a service plan https://t.co/coIed5tzzE https://t.co/I6AW6YGvey,@CNN
271,0.0,2017-12-11 15:56:02,CNN,Celebrity chef Mario Batali is stepping away from his restaurant business and ABC television show amid allegations‚Ä¶ https://t.co/jf82OuloQT,@CNN
272,-0.8591,2017-12-11 15:47:29,CNN,Multiple women who have publicly accused President Trump of sexual harassment and assault are holding a press confe‚Ä¶ https://t.co/iH61xbQCkU,@CNN
273,0.5423,2017-12-11 15:45:12,CNN,"RT @CNNnewsroom: Sen. Lindsey Graham says he wishes Roy Moore would have ""stepped aside,"" says ""Moore will be the gift that keeps on giving‚Ä¶",@CNN
274,-0.4588,2017-12-11 15:35:47,CNN,"- 98,000 evacuees
- 85,000 power outages
- 25,000 homes threatened
- 9,000 firefighters

The California wildfires b‚Ä¶ https://t.co/lXwEfewEr7",@CNN
275,0.0,2017-12-11 15:22:18,CNN,"Starting next April, you won't need to sign anything to make a purchase with an American Express card‚Ä¶ https://t.co/VOFLXtunit",@CNN
276,0.0,2017-12-11 15:08:31,CNN,"During an appearance on a conspiracy-driven radio show in 2011, Alabama Senate candidate Roy Moore said getting rid‚Ä¶ https://t.co/Kq3L8tOG8N",@CNN
277,-0.3612,2017-12-11 14:55:08,CNN,"RT @CNNnewsroom: Mayor Bill de Blasio says there are ""no credible and specific threats against New York at this time"" but adds that there w‚Ä¶",@CNN
278,-0.296,2017-12-11 14:53:56,CNN,"NYPD: The suspect is a 27-year-old male who strapped an ""improvised low-tech explosive device"" to his body. He suff‚Ä¶ https://t.co/VfjILjiYQ0",@CNN
279,-0.6908,2017-12-11 14:46:20,CNN,"New York City Mayor Bill de Blasio: ‚ÄúThis was an attempted terrorist attack."" https://t.co/Y8Tma1czEi https://t.co/cTs0VvBc0s",@CNN
280,0.25,2017-12-11 14:42:41,CNN,"New York Gov. Andrew Cuomo: The suspect had an ""effectively low-tech device"" on him this morning at Port Authority https://t.co/gys1yFJGqj",@CNN
281,0.0,2017-12-11 14:37:05,CNN,Verizon will stream NFL games on any network next year https://t.co/pRSBy3IdPg https://t.co/lIX72UJBM0,@CNN
282,-0.296,2017-12-11 14:27:39,CNN,"A total of four injuries, including the suspect, have been reported at the scene of an explosion at Port Authority,‚Ä¶ https://t.co/akeJUpkPQ9",@CNN
283,0.0258,2017-12-11 14:22:11,CNN,Russian President Vladimir Putin orders a partial withdrawal of Russian troops from Syria during a visit to the war‚Ä¶ https://t.co/TJxnTyTkHO,@CNN
284,0.0,2017-12-11 14:15:55,CNN,RT @CNNPhotos: The biggest news and most eye-catching photos from 2017: https://t.co/GjPeYmbaTF https://t.co/SYJM2XmqnP,@CNN
285,0.6124,2017-12-11 14:12:05,CNN,"The nominees for the 75th Golden Globe Awards have been announced and it's a good day for HBO's limited series ""Big‚Ä¶ https://t.co/sTnfbpfdKh",@CNN
286,0.3612,2017-12-11 14:02:26,CNN,The NYPD is on high alert and searching for any related activity at the Port Authority and on the subway system fol‚Ä¶ https://t.co/qU03J6WUsH,@CNN
287,0.0,2017-12-11 13:48:42,CNN,"Former President Barack Obama is adding his voice to the Alabama Senate race, imploring voters to go to the polls T‚Ä¶ https://t.co/YMwiFB5E0X",@CNN
288,0.0,2017-12-11 13:38:08,CNN,A man who is now in custody was wearing a homemade device that either did not detonate according to plan or malfunc‚Ä¶ https://t.co/DCI5GpjK5N,@CNN
289,-0.4939,2017-12-11 13:24:16,CNN,"UPDATE: One person is in custody, according to two NYPD sources, after what appears to be some type of pipe bomb ex‚Ä¶ https://t.co/bSdGBr3YHs",@CNN
290,0.0,2017-12-11 13:18:39,CNN,"President Trump has been briefed on the explosion in New York City, White House press secretary Sarah Sanders says https://t.co/J76MRZqlvq",@CNN
291,0.0772,2017-12-11 13:11:36,CNN,"RT @cnnbrk: Explosion confirmed near NYC's Port Authority bus terminal, police sources say
https://t.co/S71yt72laD",@CNN
292,0.0,2017-12-11 13:09:55,CNN,JUST IN: NYC police say subway trains being evacuated near 42nd Street due to reports of a possible explosion‚Ä¶ https://t.co/pTvOKbJnYG,@CNN
293,-0.0772,2017-12-11 12:54:18,CNN,How the accidental discovery of the color purple changed fashion forever https://t.co/xIIVsIEA8O via @CNNstyle https://t.co/xwVillKzXd,@CNN
294,0.7845,2017-12-11 12:47:31,CNN,Fancy a skiing holiday this winter? These are the best resorts of 2017: https://t.co/ZbGXOEsWU9 https://t.co/4YsQjRYylL,@CNN
295,-0.0772,2017-12-11 12:37:15,CNN,"Step by step, this is how firefighters battle a huge wildfire https://t.co/TE3qfdHVJh https://t.co/hZophtW23G",@CNN
296,-0.4019,2017-12-11 12:30:16,CNN,"Nearly one child dies every month and about about two are injured every day in window blind-related incidents, acco‚Ä¶ https://t.co/KwW2yKbxC3",@CNN
297,0.5574,2017-12-11 12:26:05,CNN,Nothing's better for getting in the spirit than a European Christmas market. Here are 8 of the best:‚Ä¶ https://t.co/avbE8WjDFz,@CNN
298,0.7783,2017-12-11 12:20:02,CNN,"5 things for Monday:

- Nobel Peace Prize
- Alabama Senate race
- California wildfires
- Jerusalem
- Iraq and ISIS‚Ä¶ https://t.co/PyO0f3BeHu",@CNN
299,0.0,2017-12-11 12:10:51,CNN,"Alabama Sen. Richard Shelby says he ""couldn't vote for Roy Moore"" https://t.co/F0F8j4gUCd https://t.co/bQiCPjAiVH",@CNN
300,0.0,2017-12-11 23:33:48,Fox News,'Team Sport Politics': 'The Five' Reacts to Conservatives Opposing Each Other on Moore Election  #TheFive https://t.co/ehzcK1htvm,@FoxNews
301,0.0,2017-12-11 23:16:32,Fox News,.@POTUS wants to see @NASA boots on the Moon https://t.co/HCcn30jrVp,@FoxNews
302,-0.4767,2017-12-11 23:05:04,Fox News,Attorney General Jeff Sessions released a statement following the attack in New York City on Monday morning. In the‚Ä¶ https://t.co/5C5PWVRcV8,@FoxNews
303,-0.6808,2017-12-11 22:55:08,Fox News,".@POTUS: ""Today's terror suspect entered our country through extended-family chain migration, which is incompatible‚Ä¶ https://t.co/h39lTnpxNo",@FoxNews
304,0.4404,2017-12-11 22:51:22,Fox News,Pro-#Trump students in MAGA hats booted from 'safe space' campus coffee shop https://t.co/4jtE8Gk6rB,@FoxNews
305,0.0,2017-12-11 22:49:16,Fox News,".@POTUS signed a policy directive Monday instructing the National Aeronautics and Space Administration to ""refocus‚Ä¶ https://t.co/z84aZUXZFL",@FoxNews
306,0.3034,2017-12-11 22:37:02,Fox News,EXCLUSIVE: Wife of demoted DOJ official worked for firm behind anti-Trump dossier https://t.co/62gpolRESS,@FoxNews
307,0.4939,2017-12-11 22:33:58,Fox News,'It Looks Pretty Good': Toomey Says Tax Bill Likely to Be Sent to Trump By Christmas https://t.co/9z3FO5KYpu,@FoxNews
308,-0.7964,2017-12-11 22:32:52,Fox News,"Gorka: Stop Looking at Your Cell Phone, Have a Plan in Case Terror Strikes https://t.co/p7whJkO00M",@FoxNews
309,0.0516,2017-12-11 22:19:54,Fox News,RT @FoxBusiness: Matt Lauer could lose $9M New Zealand ranch due to 'good character' clause https://t.co/48uCLydm1s,@FoxNews
310,0.6249,2017-12-11 22:14:49,Fox News,'Jaws' spotted? Massive great white shark sighted off Australian coast https://t.co/W6uDNEjKfw,@FoxNews
311,-0.2263,2017-12-11 22:14:28,Fox News,"Port Authority explosion suspect: What we know about Akayed Ullah
https://t.co/FELXuKFVsh",@FoxNews
312,-0.8316,2017-12-11 21:42:45,Fox News,Tragedy as famous daredevil climber plunges to death from well-known skyscraper https://t.co/pkO5HKZLfT,@FoxNews
313,0.0,2017-12-11 21:30:20,Fox News,RT @FoxBusiness: #BreakingNews:  The Dow Jones Industrial Average and S&amp;P 500 close at record highs. This is the 66th record close for the‚Ä¶,@FoxNews
314,-0.2732,2017-12-11 21:20:34,Fox News,"Chain migration responsible for NYC terror suspect's entry: White House - via @brookefoxnews
https://t.co/cJCDs5EdDV",@FoxNews
315,-0.6597,2017-12-11 21:01:45,Fox News,Mike Huckabee: Chelsea Handler's 'Vicious Attacks' Are Beginning to Backfire https://t.co/8aVWEhM2Dr,@FoxNews
316,-0.3818,2017-12-11 20:42:49,Fox News,Concealed-carry bill backers brace for Senate fight https://t.co/CZwauEuqcx,@FoxNews
317,0.6794,2017-12-11 20:21:21,Fox News,".@POTUS signs a new directive on space policy: ""This is very exciting and very important for our country."" https://t.co/H9bE3un9R3",@FoxNews
318,0.2732,2017-12-11 20:16:20,Fox News,".@VP Pence on @POTUS space directive: ""You're ensuring, Mr. President, that America will lead in space in the futur‚Ä¶ https://t.co/ODoCjnfUNV",@FoxNews
319,-0.9413,2017-12-11 20:04:58,Fox News,"North Dakota woman, 38, pleads guilty to brutal 'womb raider' murder of pregnant woman, 22, to steal baby  https://t.co/RccmdZ3po0",@FoxNews
320,0.7777,2017-12-11 19:44:01,Fox News,.@MakeAWishAust‚Äã partnered with the @Australian_Navy to help make this 12-year-old boy's dream come true! https://t.co/2R3rOn0pTE,@FoxNews
321,0.0,2017-12-11 19:37:12,Fox News,.@PressSec: ‚Äú@POTUS is aggressively going to continue to push forth responsible immigration reform.‚Äù https://t.co/JnkCtTCPoH,@FoxNews
322,-0.4767,2017-12-11 19:27:11,Fox News,.@PressSec: ‚ÄúThis attack underscores the need for Congress to work with the president on immigration reforms that e‚Ä¶ https://t.co/5N7mofvLx2,@FoxNews
323,-0.0772,2017-12-11 19:18:44,Fox News,Corey Feldman plays lost 1993 audio tape where he names alleged Hollywood sex predator https://t.co/tfpuwQnIlb,@FoxNews
324,-0.8074,2017-12-11 18:59:12,Fox News,Southwest passenger threatens to 'kill everybody' on plane after being caught smoking https://t.co/21I3uysqrx,@FoxNews
325,0.0,2017-12-11 18:56:56,Fox News,".@RepDougCollins on tax reform: ‚ÄúAt the end of the day, we‚Äôre going to have something that‚Äôs actually going to give‚Ä¶ https://t.co/CJ1KYhGuuB",@FoxNews
326,0.2263,2017-12-11 18:54:05,Fox News,"Pentagon plans to allow transgender people to enlist in the military starting Jan. 1, officials confirmed to Fox Ne‚Ä¶ https://t.co/SYjgs1vPVE",@FoxNews
327,-0.7269,2017-12-11 18:34:23,Fox News,Fried-chicken loving thief arrested after returning to scene of crime https://t.co/m6Zh9Wybt3,@FoxNews
328,-0.25,2017-12-11 18:30:50,Fox News,Boy battling brain tumor gets special tour of John Deere factory https://t.co/oPdIFeIUiR,@FoxNews
329,0.0,2017-12-11 18:24:51,Fox News,Democratic Senate candidate Doug Jones holds a 10-point lead over Republican Roy Moore among likely voters in Alaba‚Ä¶ https://t.co/ngLziDJX1J,@FoxNews
330,0.0,2017-12-11 18:18:18,Fox News,"Trump accusers band together, seek congressional probe of 'sexual misconduct' - via @brookefoxnews
https://t.co/3aJOAMPSjW",@FoxNews
331,-0.4767,2017-12-11 18:16:58,Fox News,"NPR's Tom Ashbrook suspended amid 'creepy' misconduct allegations from men, women https://t.co/tkpcPkVMo4",@FoxNews
332,-0.6808,2017-12-11 18:10:44,Fox News,"Conservative college students in Minnesota face insults, threats for political views https://t.co/oi0GTpfDhf",@FoxNews
333,-0.4767,2017-12-11 17:52:16,Fox News,Britain's been wrong about its highest mountain for years https://t.co/AmnE0Zp4uQ,@FoxNews
334,0.6249,2017-12-11 17:38:13,Fox News,'Jaws' spotted? Massive great white shark sighted off Australian coast https://t.co/QvI8OM7O43,@FoxNews
335,-0.2732,2017-12-11 17:36:09,Fox News,ISIS Message Two Weeks Ago Warned About 'Christmas in New York' https://t.co/ieIj8EyAMg,@FoxNews
336,0.5719,2017-12-11 17:28:40,Fox News,".@AriFleischer: ""If [Roy Moore] wins, I think Republicans cannot unseat him, cannot throw him out... I don't think‚Ä¶ https://t.co/iZk7lWDhYD",@FoxNews
337,0.0,2017-12-11 17:27:02,Fox News,.@BarackObama and @JoeBiden have recorded robocalls for Doug Jones https://t.co/tPiB6OUIzx,@FoxNews
338,-0.2732,2017-12-11 17:12:07,Fox News,Roy Moore's sexual assault allegations cloud Alabama special Senate election https://t.co/iSyEUozUt1,@FoxNews
339,0.2263,2017-12-11 17:00:41,Fox News,"Saudi Arabia to allow cinemas in 2018, first time in 35 years https://t.co/kijzlEnsqA",@FoxNews
340,-0.296,2017-12-11 16:56:27,Fox News,"Bullied Tennessee boy receives celebrity gift offers from Chris Evans, Dana White and more after viral video https://t.co/VNzEfRV8uy",@FoxNews
341,-0.25,2017-12-11 16:42:53,Fox News,Boy battling brain tumor gets special tour of John Deere factory https://t.co/xAnfmZxT3i,@FoxNews
342,0.0,2017-12-11 16:30:46,Fox News,OPINION: Should conservatives vote for Roy Moore? https://t.co/dRvra7230f,@FoxNews
343,0.4215,2017-12-11 16:24:26,Fox News,Massachusetts man rescued as his car was sinking into frozen pond (via @travfed)  https://t.co/FDMJQqrYVd,@FoxNews
344,0.0772,2017-12-11 16:19:37,Fox News,"Port Authority explosion sparks reactions from lawmakers, celebrities https://t.co/e7iJRKlJXv",@FoxNews
345,0.0,2017-12-11 16:15:21,Fox News,".@FreemanWSJ on tax reform: ""This is going to happen."" https://t.co/a8CQrsGHHB",@FoxNews
346,-0.296,2017-12-11 16:04:27,Fox News,"Mario Batali accused of sexual misconduct, asked to step away from 'The Chew' https://t.co/YZ5TUWawfI",@FoxNews
347,0.0,2017-12-11 15:53:38,Fox News,".@NYCMayor Bill de Blasio: ""This is the most resilient place on Earth. We've proven it time and time again.""‚Ä¶ https://t.co/kaS2lhJMYD",@FoxNews
348,-0.2263,2017-12-11 15:35:28,Fox News,Port Authority explosion suspect: What we know about Akayed Ullah https://t.co/c2Z8ti4yY3,@FoxNews
349,-0.8481,2017-12-11 15:35:01,Fox News,Netanyahu slams Turkey's Erdogan for claiming Israel is 'terrorist state' that 'kills children'‚Ä¶ https://t.co/2xNsKuooJ7,@FoxNews
350,0.0,2017-12-11 15:30:52,Fox News,New Evacuations Amid CA Wildfires https://t.co/rffPInFiei https://t.co/2KOuxt5kaB,@FoxNews
351,0.0,2017-12-11 15:05:23,Fox News,JUST IN: Democratic Senate candidate Doug Jones holds a 10-point lead over Republican Roy Moore among likely voters‚Ä¶ https://t.co/NTZ2eS3CeX,@FoxNews
352,-0.296,2017-12-11 15:02:22,Fox News,"UPDATE: New York City explosion suspect ID'd as Akayed Ullah, 27, officials say. ""This male was wearing an improvis‚Ä¶ https://t.co/mBYjIOocij",@FoxNews
353,-0.296,2017-12-11 14:57:31,Fox News,"Breaking UPDATE: New York City bombing suspect ID'd as Akayed Ullah, 27, officials say. ""He had burns and wounds to‚Ä¶ https://t.co/5fmB1sr1YI",@FoxNews
354,-0.4939,2017-12-11 14:56:07,Fox News,"John Miller: ""The device is based on a pipe bomb. It was affixed to his person with a combination of Velcro and zip‚Ä¶ https://t.co/0uX6jXS6Lu",@FoxNews
355,0.0,2017-12-11 14:48:03,Fox News,".@NYPDONeill: ""We are New Yorkers, we don't live in fear."" https://t.co/ZUlCYV7RRU https://t.co/FrxQaJ7NBx",@FoxNews
356,0.0,2017-12-11 14:44:17,Fox News,".@NYCMayor: ""The first responders, responded brilliantly."" https://t.co/ZUlCYV7RRU https://t.co/T89DjqBHEx",@FoxNews
357,0.3612,2017-12-11 14:41:13,Fox News,".@NYGovCuomo: ""The reality is we are a target by many who would like to make a statement against democracy, against‚Ä¶ https://t.co/nhwWMRwMqn",@FoxNews
358,0.4404,2017-12-11 14:40:00,Fox News,".@NYGovCuomo: ""There was an explosion... it was an effectively low-tech device. There were several injuries, we hop‚Ä¶ https://t.co/iOk0vqlWDD",@FoxNews
359,-0.5267,2017-12-11 14:38:38,Fox News,".@NYPDONeill: ""Approximately 7:20 this morning we had a terror related incident, in the subway, in the passageway."" https://t.co/hL0uc5Ieit",@FoxNews
360,-0.7579,2017-12-11 14:26:27,Fox News,"Breaking UPDATE: The person arrested after New York City explosion has non-life threatening injuries, The Associate‚Ä¶ https://t.co/mVZw8Hv9JN",@FoxNews
361,0.0,2017-12-11 14:24:16,Fox News,Awaiting Update on NYC Explosion https://t.co/ZUlCYV7RRU https://t.co/9aCy1IupdC,@FoxNews
362,0.0,2017-12-11 14:23:03,Fox News,".@GOPLeader: ""We all know the NYPD is one of the finest first responders there is."" https://t.co/ZUlCYV7RRU https://t.co/zh0ExZM5iz",@FoxNews
363,-0.4939,2017-12-11 14:13:53,Fox News,"Breaking UPDATE: Four people suffered minor injuries in New York City explosion, the FDNY said, though it's unclear‚Ä¶ https://t.co/Rbd9Yug7P4",@FoxNews
364,-0.4939,2017-12-11 14:13:24,Fox News,".@BuckSexton on the Port Authority Bus Terminal: ""This is a choke point for all of New York City... therefore it po‚Ä¶ https://t.co/2za7f2VJME",@FoxNews
365,-0.5574,2017-12-11 14:08:30,Fox News,Port Authority explosion: Injured suspect in custody https://t.co/MAZakhKDRw,@FoxNews
366,-0.3182,2017-12-11 14:06:22,Fox News,".@RickLeventhal: ""Authorities are on scene. They think this was an isolated incident. There is at least one injury,‚Ä¶ https://t.co/7CXVzZhZ8X",@FoxNews
367,0.0772,2017-12-11 13:51:43,Fox News,One person was in custody after an explosion near New York City‚Äôs Port Authority bus terminal during Monday morning‚Ä¶ https://t.co/8DLUmvXjii,@FoxNews
368,0.0772,2017-12-11 13:43:46,Fox News,The Port Authority Bus Terminal has been closed after an explosion during Monday morning‚Äôs rush hour‚Ä¶ https://t.co/JwTqK0YcLm,@FoxNews
369,0.0772,2017-12-11 13:42:04,Fox News,Mayor Bill de Blasio is on his way to scene after an explosion occurred near New York City's Port Authority bus ter‚Ä¶ https://t.co/Y2c4H6MYu3,@FoxNews
370,0.0772,2017-12-11 13:38:51,Fox News,One person in custody after an explosion near New York City‚Äôs Port Authority Bus Terminal during Monday morning‚Äôs r‚Ä¶ https://t.co/RhafcZE6SZ,@FoxNews
371,0.0772,2017-12-11 13:33:25,Fox News,PHOTO shows police responding to the scene after an explosion occurred near New York City's Port Authority bus term‚Ä¶ https://t.co/C013gfrOOG,@FoxNews
372,0.0772,2017-12-11 13:22:54,Fox News,.@POTUS has been briefed about explosion near New York City‚Äôs Port Authority bus terminal https://t.co/JZ9yaElemp,@FoxNews
373,0.0772,2017-12-11 13:20:15,Fox News,One person is in custody after an explosion near New York City‚Äôs Port Authority https://t.co/ZUlCYV7RRU https://t.co/mFQN9FvGUq,@FoxNews
374,-0.34,2017-12-11 13:14:59,Fox News,"Port Authority explosion leaves several injured, reports say https://t.co/ZUlCYV7RRU",@FoxNews
375,0.0772,2017-12-11 12:57:25,Fox News,JUST IN: New York City police responding to ‚Äòreports of an explosion‚Äô near Port Authority https://t.co/ZUlCYV7RRU,@FoxNews
376,0.5859,2017-12-11 12:52:09,Fox News,".@SteveScalise on tax reform: ""Hopefully in the next few days we'll see the final framework, get a bill well before‚Ä¶ https://t.co/JR3qd6eaGf",@FoxNews
377,-0.6124,2017-12-11 12:39:45,Fox News,"Southern California's Thomas Fire explodes in size, threatens new areas https://t.co/kksM4X2sTb",@FoxNews
378,0.6808,2017-12-11 12:33:18,Fox News,12 gift ideas for the holiday host or hostess https://t.co/nIAcuA4Wht,@FoxNews
379,0.34,2017-12-11 12:30:23,Fox News,Stuart Varney on bitcoin: ‚ÄúWhat you're buying essentially is a computer entry and the value of that computer entry‚Ä¶ https://t.co/Mskl4c7qfW,@FoxNews
380,0.0,2017-12-11 12:19:16,Fox News,.@KellyannePolls on @foxandfriends: ‚ÄúThe economy is absolutely booming. The stock market is up.‚Äù https://t.co/ZivWHERJRk,@FoxNews
381,0.4767,2017-12-11 12:13:19,Fox News,.@KellyannePolls on @foxandfriends: ‚ÄúWe respect the rights of voters in every state to decide who represents them i‚Ä¶ https://t.co/YyFWqo2xmo,@FoxNews
382,0.7574,2017-12-11 12:00:19,Fox News,RT @foxnewsradio: Happy Monday! The latest #FOXNewsRundown is ready for you. Listen &amp; subscribe on @iTunes. https://t.co/UrjQiXec33 https:/‚Ä¶,@FoxNews
383,-0.4588,2017-12-11 11:49:50,Fox News,".@RepMiaLove on @chelseahandler attacking @PressSec: ""She's absolutely objectifying women."" https://t.co/GQdIaZLPf5",@FoxNews
384,0.4215,2017-12-11 11:47:22,Fox News,Driver rescued from car quickly sinking into icy pond https://t.co/fnH3V0HdNb,@FoxNews
385,-0.3102,2017-12-11 11:39:22,Fox News,"Keaton Jones receives celebrity gift offers from Chris Evans, Dana White and more after viral bullying video https://t.co/VNzEfRV8uy",@FoxNews
386,-0.2263,2017-12-11 11:31:55,Fox News,The forgotten role of the bicycle in wartime: How soldiers rode into action on two wheels https://t.co/xePJ2VBlHk,@FoxNews
387,0.0,2017-12-11 11:22:29,Fox News,US begins missile tracking drills https://t.co/uQnGEevH4Z,@FoxNews
388,-0.4588,2017-12-11 11:19:46,Fox News,".@conservmillen on @chelseahandler attacking @PressSec: ""I need to know, Chelsea Handler, are you a feminist or are‚Ä¶ https://t.co/RKmAJkJl9F",@FoxNews
389,-0.1779,2017-12-11 11:11:59,Fox News,"Chuck Rocha on the Alabama Senate race: ""I think that the Republican party loses no matter what happens tomorrow."" https://t.co/URCWGXuI5g",@FoxNews
390,0.3612,2017-12-11 11:09:22,Fox News,"Jen Kerns on the Alabama Senate race: ""I think the president is right. It is critical that Republicans win this sea‚Ä¶ https://t.co/hZnnGcDwbY",@FoxNews
391,0.4019,2017-12-11 10:59:42,Fox News,".@MarshaBlackburn on the special counsel: ""It doesn't seem they're going where the facts lead them.... What appears‚Ä¶ https://t.co/efGMqeJHkT",@FoxNews
392,-0.7841,2017-12-11 10:53:56,Fox News,South Carolina serial killer Todd Kohlhepp claims he has more victims https://t.co/iUSHld3lR7 https://t.co/JXPMuBnkaM,@FoxNews
393,-0.6249,2017-12-11 10:48:27,Fox News,Violence flares over Trump's declaration of Jerusalem as the capital of Israel https://t.co/CRyBooAjh7,@FoxNews
394,0.0,2017-12-11 10:44:41,Fox News,A sailor returns to Naval Station Everett after a six-month deployment. https://t.co/2sO5ynrQFD,@FoxNews
395,-0.296,2017-12-11 10:36:20,Fox News,".@Jehmu on immigration: ""There is a real need for us to move and stop using... these dreamers as a political footba‚Ä¶ https://t.co/OGp7tJhe4k",@FoxNews
396,0.0,2017-12-11 10:31:40,Fox News,"Aaron Spring on college Republicans being kicked out of campus coffee shop: ""They kicked us out. They called us fas‚Ä¶ https://t.co/P9Zd1cS6VH",@FoxNews
397,0.0,2017-12-11 10:25:52,Fox News,".@BrianBrenberg on the economy: ""They have to deliver.. They have to keep deregulating, they have to continue to cu‚Ä¶ https://t.co/XO1RC0mygM",@FoxNews
398,-0.5574,2017-12-11 10:13:59,Fox News,Police Hunt for Suspect or Suspects in Highway Shootings https://t.co/wgDGSkCwRH,@FoxNews
399,0.5267,2017-12-11 10:00:01,Fox News,".@JudgeJeanine: ""There is a cleansing needed in our FBI and Department of Justice. It needs to be cleansed of indiv‚Ä¶ https://t.co/3DemH2i3G0",@FoxNews
400,-0.296,2017-12-11 23:32:04,The New York Times,U2 now has a No. 1 album in each of the last 4 decades https://t.co/QVIBQcWm6W,@nytimes
401,-0.5574,2017-12-11 23:17:05,The New York Times,"The New Yorker magazine fired Ryan Lizza, a high-profile political reporter, citing ‚Äúimproper sexual conduct‚Äù https://t.co/VdAlQseEFs",@nytimes
402,-0.4019,2017-12-11 23:02:03,The New York Times,"Amid a blur of TV ads and conflicting polls, Roy Moore and Doug Jones made their final appeals to voters in Alabama https://t.co/7NPj1HF4Sz",@nytimes
403,-0.2023,2017-12-11 22:46:05,The New York Times,RT @sherifink: It was sobering to check figures and find out that only a little over half of Puerto Rico's pre-storm power grid load has be‚Ä¶,@nytimes
404,0.34,2017-12-11 22:31:04,The New York Times,"Excited about ""The Crown""? Here's where to watch more movies and TV series about British history. https://t.co/bDlURur4jE",@nytimes
405,-0.296,2017-12-11 22:15:12,The New York Times,The 2018 Golden Globe nominations contained a slew of surprises and snubs https://t.co/ErpHROzZxf,@nytimes
406,0.8733,2017-12-11 22:00:16,The New York Times,These are the best. And the crispiest. Make them. You‚Äôll be so happy. https://t.co/ifrBcIeix1,@nytimes
407,0.25,2017-12-11 21:46:41,The New York Times,"Breaking News: The New York bombing suspect told officials he was inspired by ISIS, and that he chose the subway be‚Ä¶ https://t.co/toYDVuiQ7y",@nytimes
408,0.6908,2017-12-11 21:45:04,The New York Times,What role has free trade played in the world‚Äôs obesity epidemic? Mexico‚Äôs widening waistlines since Nafta may offer‚Ä¶ https://t.co/CNcvhiQXc5,@nytimes
409,0.4215,2017-12-11 21:30:04,The New York Times,"""When scientists say bears are going extinct, I want people to realize what it looks like"" https://t.co/xnlHGM9kT1",@nytimes
410,0.0772,2017-12-11 21:15:05,The New York Times,Where the Port Authority subway explosion happened https://t.co/bzFIfrP0W4,@nytimes
411,0.2023,2017-12-11 21:00:26,The New York Times,We want to hear from parents whose children faced a serious illness. Please share your experiences if you can: https://t.co/RbJHOLFC26,@nytimes
412,-0.7506,2017-12-11 20:50:05,The New York Times,"There were falls, special diets interrupted and medical treatments missed. One woman even mistakenly drank a poison. https://t.co/tMW4hQs4yH",@nytimes
413,0.0,2017-12-11 20:40:06,The New York Times,The MTA chairman says he expects NYC subway service to be fully operational by Monday‚Äôs evening rush https://t.co/vjfS6JsQbR,@nytimes
414,0.6369,2017-12-11 20:30:13,The New York Times,The 54 best songs of 2017 https://t.co/MsFz1QCkz3 https://t.co/5bBqvJB9xk,@nytimes
415,0.5267,2017-12-11 20:20:11,The New York Times,RT @arappeport: Treasury is getting panned for a one-page GOP tax plan analysis that relies on other policies &amp; amped up growth projections‚Ä¶,@nytimes
416,-0.4939,2017-12-11 20:10:10,The New York Times,One NYT reader's reaction to a pipe bomb explosion in a New York City subway tunnel https://t.co/XiPTcREMpt https://t.co/29KJqnqEBx,@nytimes
417,-0.34,2017-12-11 20:00:08,The New York Times,B-52s have once again been called into action in Afghanistan. @EricSchmittNYT flew in one for a 13-hour combat miss‚Ä¶ https://t.co/yuwfu45nK9,@nytimes
418,-0.4939,2017-12-11 19:50:04,The New York Times,RT @nytopinion: The sponsors of the photo ID law were caught on tape devising a plan to depress the turnout of black voters https://t.co/Jh‚Ä¶,@nytimes
419,-0.296,2017-12-11 19:40:13,The New York Times,"A deafening boom came from a man in a hooded sweatshirt, and then smoke. And then the commuters ran. https://t.co/q1PlVtXX5Z",@nytimes
420,0.0,2017-12-11 19:20:12,The New York Times,"The author of ""Cat Person"" says she always knew how the story would end, down to the last word https://t.co/TaHl0f0q95",@nytimes
421,0.0,2017-12-11 19:10:06,The New York Times,The explosion in a New York City subway tunnel was recorded on surveillance video https://t.co/hOm8jNpJli,@nytimes
422,0.4767,2017-12-11 18:58:05,The New York Times,"The New York Times stands by our reporting, sourced from interviews with 60 advisers, associates, friends and membe‚Ä¶ https://t.co/urJFBDb4N2",@nytimes
423,0.0,2017-12-11 18:50:05,The New York Times,"The NYT reported that President Trump watches 4 to 8 hours of TV each day. 

Trump tweeted that this is ""wrong!"" https://t.co/Q7vKwh1LJf",@nytimes
424,-0.5106,2017-12-11 18:40:09,The New York Times,EU leaders rejected Benjamin Netanyahu's request to recognize Jerusalem as Israel's capital https://t.co/hhtb86qwMF,@nytimes
425,0.0,2017-12-11 18:30:20,The New York Times,One former clerk said he called her into his office and showed her photos of naked people on his computer https://t.co/RTVD5Xj5BR,@nytimes
426,-0.6597,2017-12-11 18:20:05,The New York Times,"The suspect had attached a pipe bomb to himself with a ‚Äúcombination of Velcro and zip ties,‚Äù NYPD commissioner says https://t.co/iI3youOiiW",@nytimes
427,-0.1531,2017-12-11 18:05:06,The New York Times,"The 1, 2, 3, A, C, E, N, Q, R and W lines bypassed the 42nd Street stops. The bus terminal was temporarily closed. https://t.co/72kQACbrMy",@nytimes
428,-0.296,2017-12-11 17:50:05,The New York Times,RT @NYTScience: Most of us hear. But a few hear things they see -- even if there's no noise. Why? https://t.co/Wmr0maobsl https://t.co/PRzM‚Ä¶,@nytimes
429,0.0,2017-12-11 17:40:30,The New York Times,"La polic√≠a de Nueva York detiene a un sospechoso tras explosi√≥n en el metro en Manhattan https://t.co/3vivWw3bT9

R‚Ä¶ https://t.co/Uv7NcGtReJ",@nytimes
430,-0.8126,2017-12-11 17:35:01,The New York Times,"""This was an attempted terrorist attack. Thank god the perpetrator did not achieve his ultimate goals."" https://t.co/c1Zw7XecqI",@nytimes
431,-0.296,2017-12-11 17:20:14,The New York Times,The 2018 Golden Globe nominations contained a slew of surprises and snubs https://t.co/Fj1SI2B4Rs,@nytimes
432,-0.8316,2017-12-11 17:10:06,The New York Times,NYT reporter @rcallimachi analyzes what authorities called an attempted terrorist attack in New York City https://t.co/MQseK60NHy,@nytimes
433,0.0,2017-12-11 17:00:11,The New York Times,Mario Batali is stepping away from his restaurants and ‚ÄúThe Chew‚Äù after reports of alleged sexual misconduct https://t.co/IPGvTUIVjB,@nytimes
434,0.0772,2017-12-11 16:50:09,The New York Times,Where the Port Authority subway explosion happened https://t.co/V2ZQHRpBWk,@nytimes
435,-0.7003,2017-12-11 16:40:12,The New York Times,"The Thomas Fire is threatening communities around Santa Barbara, California https://t.co/nIiuAI2vlq",@nytimes
436,0.0,2017-12-11 16:30:10,The New York Times,"Chris Evans invited Keaton Jones to next year's ""Avengers"" premiere. A Tennessee Titan offered him tickets to a gam‚Ä¶ https://t.co/petAPhgEF7",@nytimes
437,0.3182,2017-12-11 16:20:10,The New York Times,A Fed rate increase is expected. But what comes next? https://t.co/wfsw0dFodg,@nytimes
438,0.0772,2017-12-11 16:10:06,The New York Times,The scene on 42nd Street near the Port Authority Bus Terminal on Monday morning in New York. Latest updates:‚Ä¶ https://t.co/GkrFH0zux7,@nytimes
439,0.0,2017-12-11 16:00:14,The New York Times,"RT @MichaelPaulson: En route to Broadway. But first, Edmonton. How a trek north by Orpheus and Eurydice illustrates one side effect of musi‚Ä¶",@nytimes
440,0.0,2017-12-11 15:50:07,The New York Times,"The U.S., Japan and South Korea are teaming up for a drill to track submarine missile launchings by North Korea https://t.co/ocS1Q4wv9z",@nytimes
441,0.0,2017-12-11 15:40:07,The New York Times,"NYC Mayor Bill de Blasio: ""Our lives revolve around the subway""
https://t.co/Db0Mg6e5b8 https://t.co/CZEm6t0T57",@nytimes
442,0.0,2017-12-11 15:30:17,The New York Times,"First, allowing women to drive. Then concerts. Now Saudi Arabia will open commercial movie theaters. https://t.co/mgmvK4jAML",@nytimes
443,0.0,2017-12-11 15:20:18,The New York Times,The explosion in a New York City subway tunnel was recorded on surveillance video https://t.co/xGcCPGHgBS,@nytimes
444,0.4404,2017-12-11 15:15:08,The New York Times,"Traditional sexual harassment trainings can backfire, but there are approaches that have been proven effective https://t.co/vyVGdsGCwl",@nytimes
445,-0.875,2017-12-11 15:06:27,The New York Times,Mayor Bill de Blasio called the subway station blast an attempted terrorist attack and said no other explosive devi‚Ä¶ https://t.co/1BqpxKBnZE,@nytimes
446,0.0,2017-12-11 15:00:28,The New York Times,Morning Briefing: Here's what you need to know to start your day. https://t.co/uSx7wCpvBD,@nytimes
447,0.5423,2017-12-11 14:45:09,The New York Times,"Famous for its hostility to wealth and corporations, France is attempting a makeover to win post-Brexit jobs https://t.co/FqaNu6X6Ip",@nytimes
448,0.0,2017-12-11 14:38:50,The New York Times,"RT @cliffordlevy: @realDonaldTrump @nytimes We at The New York Times stand by our reporting, sourced from interviews with 60 advisers, asso‚Ä¶",@nytimes
449,0.0,2017-12-11 14:30:09,The New York Times,And the nominees for the 2018 Golden Globes are... https://t.co/5xKiLzf6MP,@nytimes
450,-0.296,2017-12-11 14:27:42,The New York Times,"Breaking News: The suspect in the New York subway blast had an explosive device strapped to him, a city official sa‚Ä¶ https://t.co/7wDF34V0vZ",@nytimes
451,0.3818,2017-12-11 14:20:07,The New York Times,A frustrating truth about American health care is that half or more of prescribed medication is never taken https://t.co/zpPtMEax7p,@nytimes
452,-0.3818,2017-12-11 14:10:05,The New York Times,"The real fight in Russia is not the 2018 presidential election, it's what comes after Vladimir Putin in 2024 https://t.co/CIBzkZgnsr",@nytimes
453,-0.6369,2017-12-11 13:58:28,The New York Times,An explosion near Times Square has forced the evacuation of a major transit hub. A suspect is in custody; he was th‚Ä¶ https://t.co/FoBbQBrHjS,@nytimes
454,-0.3182,2017-12-11 13:45:08,The New York Times,"""It happens all the time: The wife outfishes the husband, and it drives the husband nuts"" https://t.co/RwtkDyKsiN",@nytimes
455,0.0,2017-12-11 13:30:11,The New York Times,Morning Briefing: Here's what you need to know to start your day. https://t.co/jU0m43TJ0o,@nytimes
456,0.0,2017-12-11 13:15:08,The New York Times,Police evacuated one of New York's busiest transit hubs after reports of an explosion at 42nd Street and 8th Avenue https://t.co/HRdccEm2LR,@nytimes
457,0.0,2017-12-11 13:13:43,The New York Times,Police in New York Respond to Report of Explosion https://t.co/LAc4uk3r23,@nytimes
458,0.0,2017-12-11 13:00:13,The New York Times,"Ahead of Tuesday‚Äôs election in Alabama, Democrats are deploying a multimillion-dollar get-out-the-vote operation https://t.co/BbgR33hlPz",@nytimes
459,-0.6204,2017-12-11 12:50:24,The New York Times,"Most workplace sexual harassment training is devised to reduce companies' potential legal liability, not to prevent‚Ä¶ https://t.co/UpV5OaKQ80",@nytimes
460,0.0,2017-12-11 12:36:43,The New York Times,Morning Briefing: Here's what you need to know to start your day. https://t.co/REn1506voc,@nytimes
461,0.0,2017-12-11 12:25:05,The New York Times,Colin Kaepernick vs. the NFL: What you need to know about his collusion case https://t.co/E6Jo39GfT3,@nytimes
462,0.9169,2017-12-11 12:08:36,The New York Times,"Food, drink, friends, good conversation ‚Äî a dinner party is timeless. Here's how to throw your best one yet. https://t.co/l0iSHBDiZ2",@nytimes
463,0.0,2017-12-11 11:50:19,The New York Times,Editorial: Opening Up New York‚Äôs Public Records https://t.co/5zgXfaB30S,@nytimes
464,0.0,2017-12-11 11:40:30,The New York Times,‚ÄúThe whole game has shifted.‚Äù New York and its suburbs are pondering the financial hit to the region from the Repub‚Ä¶ https://t.co/rvC3iLSpzg,@nytimes
465,0.0,2017-12-11 11:22:05,The New York Times,"How Much for That Tree? $35 in Harlem, or $135 in SoHo https://t.co/uOAduU3mtP",@nytimes
466,0.5859,2017-12-11 11:19:03,The New York Times,"Review: ‚ÄòBrooklyn Nutcracker‚Äô Is Simply, Imperfectly Charming https://t.co/OpPFsaUm9M",@nytimes
467,0.4404,2017-12-11 11:11:09,The New York Times,Some consumers are finding they can get a better deal on prescription drugs by leaving their insurance cards at home https://t.co/OMQJsLgsln,@nytimes
468,0.1027,2017-12-11 10:55:05,The New York Times,Confused by all the news about Russia and the 2016 U.S. presidential election? We are here to help. https://t.co/ucaGhEBfQG,@nytimes
469,-0.6249,2017-12-11 10:33:13,The New York Times,Take a Number: Two Hidden Cancer Causes: Diabetes and Obesity https://t.co/ywgoXhSJMV,@nytimes
470,0.0258,2017-12-11 10:32:16,The New York Times,"""I want to leave here and live outside with my mother."" An 11-year-old Afghan girl has spent her entire life behind‚Ä¶ https://t.co/3dhj5PvlLU",@nytimes
471,-0.3818,2017-12-11 10:15:55,The New York Times,"RT @nytimesworld: For three years, ISIS ruled Iraq's second-largest city. The battle to drive out the militants left much of Mosul in ruins‚Ä¶",@nytimes
472,0.0,2017-12-11 09:59:52,The New York Times,RT @NYTFashion: Inside the luxurious living space of Jenna Lyons https://t.co/e5ZDNRMg0m,@nytimes
473,0.0,2017-12-11 09:41:35,The New York Times,He lives in New York. She lives in Sudan. He watched his own wedding celebration through a fuzzy WhatsApp connectio‚Ä¶ https://t.co/CHg7oJQFCV,@nytimes
474,0.0772,2017-12-11 09:23:39,The New York Times,RT @KirkSemple: A story about the particular challenges for older Venezuelans who are planning to emigrate or have already moved abroad. Wi‚Ä¶,@nytimes
475,0.25,2017-12-11 09:05:13,The New York Times,"RT @NYTmag: Great Performers: In one take, @NicoleKidman switches from frustration to possession to orgasmic experience. https://t.co/wDHRQ‚Ä¶",@nytimes
476,0.3612,2017-12-11 08:46:52,The New York Times,RT @NYTmag: Got a race coming up? This trick may help you shave some seconds off ‚Äî and look photogenic while doing it. https://t.co/E5WiutW‚Ä¶,@nytimes
477,0.4588,2017-12-11 08:28:44,The New York Times,"Stretched over a few nights or a weekend, making a gingerbread house is a festive effort ‚Äî especially with a group‚Ä¶ https://t.co/kQMZcQKIe0",@nytimes
478,0.6597,2017-12-11 08:11:40,The New York Times,How to Clean Up Your Holiday Messes https://t.co/WjfJ2xz15s,@nytimes
479,-0.7184,2017-12-11 08:04:33,The New York Times,David Lang‚Äôs ‚Äúsymphony for a broken orchestra‚Äù makes music from 400 damaged public school instruments https://t.co/Y4P3mwaEQz,@nytimes
480,-0.7906,2017-12-11 07:47:35,The New York Times,"RT @nytimesworld: Two Afghan women say they quit Zan TV, Kabul's new ""all women"" station, over sex abuse. Its male owner denies that. https‚Ä¶",@nytimes
481,-0.5267,2017-12-11 07:31:09,The New York Times,Op-Ed Contributor: Stop the Manipulation of Democracy Online https://t.co/m1zlbhKyOX,@nytimes
482,0.0,2017-12-11 07:18:03,The New York Times,"RT @NYTSports: Via @RorySmith: Pep Guardiola got the last word at Old Trafford today: ‚ÄòWe won,‚Äô he said, ‚Äòbecause we were better.‚Äô https://‚Ä¶",@nytimes
483,0.0,2017-12-11 07:02:41,The New York Times,RT @NYTHealth: What we learned in 2017 https://t.co/ygJD2rX37T,@nytimes
484,0.4215,2017-12-11 06:45:24,The New York Times,"RT @NYTHealth: Despite the progress we‚Äôve made, a doctor with a disability is still an extremely rare sight https://t.co/Y1mZkNS2Dq",@nytimes
485,0.7184,2017-12-11 06:28:44,The New York Times,"Some 24 million ""smart speakers"" are expected to sell this year. But how comfortable are we with these machines? https://t.co/VlGqtp18uR",@nytimes
486,-0.6705,2017-12-11 06:11:56,The New York Times,"RT @nytimesworld: The 9-month battle to drive ISIS out of Iraq's second-largest city left much of it in ruins. Now, Mosul residents are pul‚Ä¶",@nytimes
487,-0.5267,2017-12-11 05:53:57,The New York Times,North Korean Submarine Missile Threat Prompts U.S.-Led Military Drills https://t.co/pvxa7YQ84D,@nytimes
488,0.1779,2017-12-11 05:48:39,The New York Times,"RT @nytimesworld: A LOT of Christmas spirit on a Sydney bus. And other tales of Australian transport, in this week's Australia Diary. https‚Ä¶",@nytimes
489,-0.4019,2017-12-11 05:30:06,The New York Times,"With only hours until the polls open in this unlikeliest of battleground states, Democrats are deploying a sprawlin‚Ä¶ https://t.co/gSbRN4jced",@nytimes
490,-0.6195,2017-12-11 05:16:33,The New York Times,"RT @NYTNational: ‚ÄúI think, so many accusations, so many cuts, so many drip, drip, drip. When it got to the 14-year-old‚Äôs story, that was en‚Ä¶",@nytimes
491,-0.1531,2017-12-11 04:59:05,The New York Times,RT @NYTSports: Colin Kaepernick has accused the NFL of colluding to keep him off a team in retaliation for inspiring the wave of national a‚Ä¶,@nytimes
492,0.6369,2017-12-11 04:48:03,The New York Times,The best songs of 2017 https://t.co/bgIM0yW7hp,@nytimes
493,0.1779,2017-12-11 04:35:03,The New York Times,"RT @NYTSports: Returning Eli Manning to the starting lineup restored some equilibrium, but what ails the Giants will take months, and maybe‚Ä¶",@nytimes
494,0.0,2017-12-11 04:32:53,The New York Times,"Ahead of Brexit, Paris Tries a Business Makeover https://t.co/3SPwgeo0mr",@nytimes
495,0.0,2017-12-11 04:29:34,The New York Times,Volkswagen Chief Suggests Ending Subsidies for Diesel Cars https://t.co/0DBnEv04oW,@nytimes
496,0.1027,2017-12-11 04:26:04,The New York Times,Confused by all the news about Russia and the 2016 U.S. presidential election? We are here to help. https://t.co/vmuK2bn7Wa,@nytimes
497,0.0,2017-12-11 04:12:09,The New York Times,Your cat tattoo can have your actual cat in it https://t.co/wyrGCMsrld,@nytimes
498,-0.2263,2017-12-11 03:53:03,The New York Times,RT @nytimesworld: Protests in Lebanon near U.S. embassy after Trump‚Äôs Jerusalem decision https://t.co/6QjgtAgUVj https://t.co/MVThAPnypJ,@nytimes
499,0.128,2017-12-11 03:39:09,The New York Times,Horror films dominated the cultural conversation in 2017. So @nytmag asked the year's best actors to perform in a s‚Ä¶ https://t.co/1zY2LD0VYi,@nytimes
